Datetime,SPY,QQQ,ES=F,NQ=F
2025-09-18 13:30:00+00:00,661.4099731445312,595.0700073242188,6681.75,24656
2025-09-18 13:31:00+00:00,662.0900268554688,595.0999755859375,6688.75,24686.5
2025-09-18 13:32:00+00:00,661.8300170898438,595.1849975585938,6686,24690.75
2025-09-18 13:33:00+00:00,661.8900146484375,595.3250122070312,6686.75,24695.5
2025-09-18 13:34:00+00:00,661.9899902,595.1199951171875,6687.75,24698
2025-09-18 13:35:00+00:00,662.1220092773438,595.3549805,6689,24697.75
2025-09-18 13:36:00+00:00,662.2700195,595.4799805,6690.5,24703.5
2025-09-18 13:37:00+00:00,662.1900024414062,595.2899780273438,6689.75,24696
2025-09-18 13:38:00+00:00,661.9799805,594.8400268554688,6687.75,24676.25
2025-09-18 13:39:00+00:00,661.6950073242188,594.6300048828125,6684.75,24668.25
2025-09-18 13:40:00+00:00,661.3400268554688,594.0050048828125,6681.25,24642.5
2025-09-18 13:41:00+00:00,661.2100219726562,593.9500122070312,6680,24638.25
2025-09-18 13:42:00+00:00,661.0957031,594.0499877929688,6678.5,24643
2025-09-18 13:43:00+00:00,661.2192993164062,594.0701293945312,6679.75,24645
2025-09-18 13:44:00+00:00,660.7700195,593.5800170898438,6675.5,24624.25
2025-09-18 13:45:00+00:00,660.5599975585938,593.2949829101562,6673.25,24612.25
2025-09-18 13:46:00+00:00,660.7000122070312,593.369873,6674.75,24616.25
2025-09-18 13:47:00+00:00,660.6799926757812,593.5200195,6674.25,24622.5
2025-09-18 13:48:00+00:00,660.9600219726562,593.7899780273438,6677.25,24632.75
2025-09-18 13:49:00+00:00,661.4500122070312,594.3599853515625,6682.25,24656.75
2025-09-18 13:50:00+00:00,662.0999755859375,595.1599731445312,6689,24690.25
2025-09-18 13:51:00+00:00,661.9808959960938,595.0399780273438,6687.75,24685
2025-09-18 13:52:00+00:00,661.8900146484375,594.9699707,6687,24682.25
2025-09-18 13:53:00+00:00,661.7899780273438,594.9750977,6686,24682.5
2025-09-18 13:54:00+00:00,661.3300170898438,594.4680176,6681.25,24660.75
2025-09-18 13:55:00+00:00,661.2650146484375,594.3200073242188,6680.5,24655
2025-09-18 13:56:00+00:00,661.1649780273438,594.2800293,6679.5,24653.75
2025-09-18 13:57:00+00:00,661.4799805,594.7100219726562,6682.75,24672
2025-09-18 13:58:00+00:00,661.7100219726562,594.9199829101562,6685,24680
2025-09-18 13:59:00+00:00,662.0700073242188,595.3200073242188,6688.75,24697
2025-09-18 14:00:00+00:00,662.3599853515625,595.3807983398438,6691.5,24700.25
2025-09-18 14:01:00+00:00,662.4600219726562,595.3200073242188,6692.75,24697.75
2025-09-18 14:02:00+00:00,662.6400146484375,595.7600098,6694.75,24716
2025-09-18 14:03:00+00:00,662.6495971679688,595.7949829101562,6694.5,24716.75
2025-09-18 14:04:00+00:00,662.7399902,595.9050293,6695.5,24722
2025-09-18 14:05:00+00:00,662.9799805,596.0999755859375,6698.25,24730
2025-09-18 14:06:00+00:00,663.1911010742188,596.2855224609375,6700.5,24738.25
2025-09-18 14:07:00+00:00,663.1749877929688,596.2742919921875,6700.25,24737.25
2025-09-18 14:08:00+00:00,663.3831787109375,596.3699951171875,6702.25,24741.5
2025-09-18 14:09:00+00:00,663.4949951171875,596.5349731445312,6703.5,24749
2025-09-18 14:10:00+00:00,663.6699829101562,596.7700195,6705.25,24758.75
2025-09-18 14:11:00+00:00,663.4550170898438,596.4799194335938,6702.75,24746
2025-09-18 14:12:00+00:00,663.5700073242188,596.5900268554688,6704.25,24751.75
2025-09-18 14:13:00+00:00,663.6199951171875,596.4600219726562,6704.75,24745
2025-09-18 14:14:00+00:00,663.6199951171875,596.5399780273438,6704.75,24749
2025-09-18 14:15:00+00:00,663.7349853515625,596.6799926757812,6706,24754.5
2025-09-18 14:16:00+00:00,663.8900146484375,596.7908935546875,6707.75,24759.5
2025-09-18 14:17:00+00:00,663.7650146484375,596.6751098632812,6706.25,24755
2025-09-18 14:18:00+00:00,663.9899902,596.9199829101562,6708.5,24765.5
2025-09-18 14:19:00+00:00,664.0999755859375,597.0499877929688,6709.75,24770.25
2025-09-18 14:20:00+00:00,664.1300048828125,597.2150268554688,6710.25,24777.5
2025-09-18 14:21:00+00:00,663.9550170898438,597.0999755859375,6708,24772
2025-09-18 14:22:00+00:00,663.7600098,596.7800293,6706,24759
2025-09-18 14:23:00+00:00,663.7800293,596.8099975585938,6706.25,24760.25
2025-09-18 14:24:00+00:00,664.0700073242188,597.0250244140625,6709.5,24769
2025-09-18 14:25:00+00:00,664.2700195,597.2899780273438,6711.5,24779
2025-09-18 14:26:00+00:00,664.4299926757812,597.4301147460938,6713,24786.25
2025-09-18 14:27:00+00:00,664.4299926757812,597.4099731445312,6713,24785.25
2025-09-18 14:28:00+00:00,664.2800293,597.3699951171875,6711.5,24783
2025-09-18 14:29:00+00:00,664.4000244140625,597.4500122070312,6712.75,24786.75
2025-09-18 14:30:00+00:00,664.6500244140625,597.8200073242188,6715.5,24802.75
2025-09-18 14:31:00+00:00,664.7299805,597.7949829101562,6716.25,24801.75
2025-09-18 14:32:00+00:00,664.6500244140625,597.7199707,6715.25,24797.25
2025-09-18 14:33:00+00:00,664.4699707,597.4500122070312,6713.5,24787
2025-09-18 14:34:00+00:00,664.3900146484375,597.3400268554688,6712.5,24782.5
2025-09-18 14:35:00+00:00,664.2999877929688,597.2600098,6711.5,24779.5
2025-09-18 14:36:00+00:00,664.3300170898438,597.3150024414062,6712,24781.5
2025-09-18 14:37:00+00:00,664.1300048828125,597.1199951171875,6710,24773.25
2025-09-18 14:38:00+00:00,663.9550170898438,597.0200195,6708,24769.5
2025-09-18 14:39:00+00:00,663.7999877929688,596.8809814453125,6706.5,24763.5
2025-09-18 14:40:00+00:00,663.8093262,596.8699951171875,6706.25,24762.25
2025-09-18 14:41:00+00:00,663.8549805,596.9400024414062,6707,24767
2025-09-18 14:42:00+00:00,663.9249877929688,597.125,6707.5,24774
2025-09-18 14:43:00+00:00,663.7800293,597.0451049804688,6706,24770
2025-09-18 14:44:00+00:00,663.5,596.8200073242188,6703,24761
2025-09-18 14:45:00+00:00,663.3599853515625,596.6099853515625,6702,24752
2025-09-18 14:46:00+00:00,663.6149902,597.0294799804688,6704.5,24769.25
2025-09-18 14:47:00+00:00,663.5250244140625,596.9757080078125,6703.25,24766.75
2025-09-18 14:48:00+00:00,663.6688232421875,597.0650024414062,6705,24770.75
2025-09-18 14:49:00+00:00,663.5700073242188,597.0200195,6703.75,24769
2025-09-18 14:50:00+00:00,663.2800293,596.7100219726562,6700.75,24756
2025-09-18 14:51:00+00:00,663.2299805,596.7399902,6700.25,24757.25
2025-09-18 14:52:00+00:00,663.0399780273438,596.5499877929688,6698.25,24749.5
2025-09-18 14:53:00+00:00,663.1500244140625,596.7399902,6699.5,24757.25
2025-09-18 14:54:00+00:00,662.8800048828125,596.4799805,6696.75,24746.5
2025-09-18 14:55:00+00:00,662.9899902,596.6649780273438,6697.75,24754
2025-09-18 14:56:00+00:00,662.9349975585938,596.4949951171875,6697.25,24747
2025-09-18 14:57:00+00:00,662.8200073242188,596.2999877929688,6696.25,24738.75
2025-09-18 14:58:00+00:00,662.7800293,596.2399902,6695.75,24736
2025-09-18 14:59:00+00:00,662.7700195,596.2050170898438,6695.75,24734.5
2025-09-18 15:00:00+00:00,662.8599853515625,596.4398803710938,6697,24744.25
2025-09-18 15:02:00+00:00,663.2100219726562,597.0100098,6700,24768.25
2025-09-18 15:03:00+00:00,663.1298828,596.9705810546875,6699.25,24767.25
2025-09-18 15:04:00+00:00,662.9600219726562,596.7299805,6698,24756.75
2025-09-18 15:05:00+00:00,663.0800170898438,597,6698.75,24768
2025-09-18 15:07:00+00:00,662.9899902,597.1099853515625,6698,24772.75
2025-09-18 15:08:00+00:00,662.8599853515625,597.0300293,6696.5,24768.5
2025-09-18 15:09:00+00:00,662.8400268554688,597.1400146484375,6696.5,24774
2025-09-18 15:10:00+00:00,662.8599853515625,597.1900024414062,6696.5,24775
2025-09-18 15:11:00+00:00,663,597.3499755859375,6698.25,24782.25
2025-09-18 15:12:00+00:00,663.0150146484375,597.3649291992188,6698.25,24783
2025-09-18 15:13:00+00:00,662.6699829101562,596.9600219726562,6694.75,24765.75
2025-09-18 15:14:00+00:00,662.8900146484375,597.2399902,6697,24778
2025-09-18 15:15:00+00:00,663.0700073242188,597.3699951171875,6698.75,24784.25
2025-09-18 15:17:00+00:00,663.3699951171875,597.5906982421875,6701.75,24793
2025-09-18 15:18:00+00:00,663.6450195,597.8200073242188,6704.5,24802
2025-09-18 15:19:00+00:00,663.7457275390625,597.9500122070312,6705.75,24808
2025-09-18 15:20:00+00:00,663.9000244140625,597.9299926757812,6707.25,24806.5
2025-09-18 15:21:00+00:00,663.7600098,597.8699951171875,6705.75,24804.5
2025-09-18 15:22:00+00:00,663.5399780273438,597.8099975585938,6703.5,24802.25
2025-09-18 15:23:00+00:00,663.3400879,597.6500854492188,6701.5,24796.25
2025-09-18 15:24:00+00:00,663.4650268554688,597.6500244140625,6702.75,24796.5
2025-09-18 15:25:00+00:00,663.4699707,597.6099853515625,6702.75,24794.75
2025-09-18 15:26:00+00:00,663.6444702148438,597.75,6704.75,24799.5
2025-09-18 15:27:00+00:00,663.5599975585938,597.6699829101562,6703.75,24796.25
2025-09-18 15:28:00+00:00,663.3400268554688,597.3499755859375,6701.75,24783
2025-09-18 15:29:00+00:00,663.3250122070312,597.3400268554688,6701.25,24782.5
2025-09-18 15:30:00+00:00,663.6300048828125,597.5650024414062,6704.5,24792.25
2025-09-18 15:31:00+00:00,663.75,597.6099853515625,6705.75,24793.75
2025-09-18 15:32:00+00:00,663.8950195,597.8099975585938,6707,24802
2025-09-18 15:33:00+00:00,663.8449707,597.7899780273438,6706.5,24801
2025-09-18 15:34:00+00:00,663.6400146484375,597.5300293,6704.5,24790.75
2025-09-18 15:35:00+00:00,663.6199951171875,597.4299926757812,6704.5,24787
2025-09-18 15:36:00+00:00,663.5999755859375,597.3200073242188,6704,24782
2025-09-18 15:37:00+00:00,663.6199951171875,597.4199829101562,6704.5,24785.5
2025-09-18 15:38:00+00:00,663.6450195,597.4650268554688,6705,24787.75
2025-09-18 15:39:00+00:00,663.7000122070312,597.5300293,6705.25,24790.25
2025-09-18 15:40:00+00:00,663.7055053710938,597.5300293,6705,24790
2025-09-18 15:41:00+00:00,663.5399780273438,597.2700195,6703.75,24779.75
2025-09-18 15:42:00+00:00,663.4500122070312,597.1199951171875,6702.5,24773
2025-09-18 15:43:00+00:00,663.3449707,597.0800170898438,6701.5,24771
2025-09-18 15:44:00+00:00,663.4099731445312,597.1300048828125,6702.25,24773
2025-09-18 15:45:00+00:00,663.2899780273438,597.0599975585938,6701,24769.25
2025-09-18 15:46:00+00:00,663.1799926757812,596.8798828,6700,24762.75
2025-09-18 15:47:00+00:00,663.2700195,596.9899902,6701,24767.25
2025-09-18 15:48:00+00:00,663.2299805,596.9299926757812,6700.5,24764.25
2025-09-18 15:49:00+00:00,663.2128295898438,596.9249877929688,6700.25,24764.25
2025-09-18 15:50:00+00:00,662.9749755859375,596.6199951171875,6697.75,24751.75
2025-09-18 15:51:00+00:00,662.9000244140625,596.5499877929688,6697,24748.25
2025-09-18 15:52:00+00:00,662.5150146484375,596.1890869140625,6693.25,24733.25
2025-09-18 15:53:00+00:00,662.4000244140625,596.1199951171875,6692,24730.25
2025-09-18 15:54:00+00:00,662.625,596.3900146484375,6694.5,24741.5
2025-09-18 15:55:00+00:00,662.3599853515625,596.25,6691.5,24735.5
2025-09-18 15:56:00+00:00,662.3499755859375,596.2100219726562,6691.5,24734
2025-09-18 15:57:00+00:00,662.5999755859375,596.4699707,6694.25,24744
2025-09-18 15:58:00+00:00,662.6400146484375,596.3599853515625,6694.5,24739.5
2025-09-18 15:59:00+00:00,662.5999145507812,596.2899780273438,6694,24736.5
2025-09-18 16:00:00+00:00,662.5700073242188,596.2750244140625,6693.75,24736.25
2025-09-18 16:01:00+00:00,662.7800293,596.5200195,6696,24746.25
2025-09-18 16:02:00+00:00,662.8300170898438,596.5549926757812,6696.5,24748
2025-09-18 16:03:00+00:00,662.8800048828125,596.625,6697,24751.25
2025-09-18 16:04:00+00:00,662.9249877929688,596.7100219726562,6697.25,24755.75
2025-09-18 16:05:00+00:00,662.7999877929688,596.6099853515625,6696,24750.75
2025-09-18 16:06:00+00:00,662.6801147460938,596.4550170898438,6695,24743.25
2025-09-18 16:07:00+00:00,662.4400024414062,596.1898803710938,6692.25,24732.75
2025-09-18 16:08:00+00:00,662.5701904296875,596.2711181640625,6694,24737
2025-09-18 16:09:00+00:00,662.4799805,596.0900268554688,6692.75,24729.5
2025-09-18 16:10:00+00:00,662.5700073242188,596.1779785,6693.75,24732.5
2025-09-18 16:11:00+00:00,662.7800293,596.3599853515625,6695.25,24739.75
2025-09-18 16:12:00+00:00,662.7999877929688,596.4600219726562,6696.25,24744.25
2025-09-18 16:13:00+00:00,663.0250244140625,596.7050170898438,6698.25,24755.25
2025-09-18 16:14:00+00:00,663.0800170898438,596.7299805,6699,24754
2025-09-18 16:15:00+00:00,663.1300048828125,596.8151245117188,6699.25,24759
2025-09-18 16:16:00+00:00,663.0399780273438,596.7899780273438,6698.5,24758
2025-09-18 16:17:00+00:00,663.3499755859375,597.0999755859375,6701.75,24771.5
2025-09-18 16:18:00+00:00,663.3200073242188,597.0150146484375,6701.5,24768.25
2025-09-18 16:19:00+00:00,663.1599731445312,596.8300170898438,6699.75,24759.75
2025-09-18 16:20:00+00:00,663.1300048828125,596.7000122070312,6699.5,24754.25
2025-09-18 16:21:00+00:00,663.1400146484375,596.7949829101562,6699.5,24758.25
2025-09-18 16:22:00+00:00,663.2899780273438,596.8980102539062,6701.25,24763
2025-09-18 16:23:00+00:00,663.4050293,597.0999145507812,6702.25,24771
2025-09-18 16:24:00+00:00,663.3422852,596.9998779296875,6701.75,24767
2025-09-18 16:25:00+00:00,663.4000244140625,596.9949951171875,6702.25,24767.25
2025-09-18 16:26:00+00:00,663.2999877929688,596.9000244140625,6701.25,24763
2025-09-18 16:27:00+00:00,663.4320068359375,597.0599975585938,6702.75,24770
2025-09-18 16:28:00+00:00,663.4500122070312,597.1099853515625,6703,24772.25
2025-09-18 16:29:00+00:00,663.4600219726562,597.0692749023438,6702.75,24770.25
2025-09-18 16:30:00+00:00,663.4799805,597.0999755859375,6703,24771.5
2025-09-18 16:31:00+00:00,663.6300048828125,597.2490844726562,6704.5,24777.75
2025-09-18 16:32:00+00:00,663.6699829101562,597.2999877929688,6705.25,24780.75
2025-09-18 16:33:00+00:00,663.7700195,597.4349975585938,6706.25,24785.75
2025-09-18 16:34:00+00:00,663.7449951171875,597.3699951171875,6706,24783
2025-09-18 16:35:00+00:00,663.7800293,597.3800048828125,6706.25,24783.5
2025-09-18 16:36:00+00:00,663.8049926757812,597.3900146484375,6706.5,24784.5
2025-09-18 16:37:00+00:00,663.8300170898438,597.4299926757812,6707,24786.25
2025-09-18 16:38:00+00:00,663.9199829101562,597.4899902,6707.5,24788.5
2025-09-18 16:39:00+00:00,663.8649902,597.4487915039062,6707,24786.25
2025-09-18 16:40:00+00:00,663.8015137,597.3099975585938,6706.5,24782
2025-09-18 16:41:00+00:00,663.9650268554688,597.4199829101562,6708.25,24784.75
2025-09-18 16:42:00+00:00,663.9699707,597.3308715820312,6708.25,24782.25
2025-09-18 16:43:00+00:00,664,597.3300781,6708.25,24782.5
2025-09-18 16:44:00+00:00,663.9799805,597.3300170898438,6708.25,24782.75
2025-09-18 16:45:00+00:00,664.0800170898438,597.4470215,6709.25,24787.25
2025-09-18 16:46:00+00:00,664.1099853515625,597.4400024414062,6709.5,24788
2025-09-18 16:47:00+00:00,663.9000244140625,597.3499755859375,6707.25,24782.75
2025-09-18 16:48:00+00:00,663.9812012,597.447998,6708.25,24788
2025-09-18 16:49:00+00:00,664.0599975585938,597.5200195,6709.25,24790
2025-09-18 16:50:00+00:00,664.0100098,597.5150146484375,6708.5,24789.5
2025-09-18 16:51:00+00:00,663.9949951171875,597.5100098,6708.25,24789.75
2025-09-18 16:52:00+00:00,664.0800170898438,597.5698852539062,6709.5,24792
2025-09-18 16:53:00+00:00,664.0300293,597.5100098,6709,24789
2025-09-18 16:54:00+00:00,664,597.4299926757812,6708.25,24786.25
2025-09-18 16:55:00+00:00,663.8850098,597.3599853515625,6707.25,24783.5
2025-09-18 16:56:00+00:00,663.8499755859375,597.3585205078125,6707,24782.5
2025-09-18 16:57:00+00:00,664.0150146484375,597.4400024414062,6708.75,24786.75
2025-09-18 16:58:00+00:00,664.0549926757812,597.4699707,6709,24788.25
2025-09-18 16:59:00+00:00,664.0449829101562,597.4757080078125,6709,24787.75
2025-09-18 17:00:00+00:00,664.0999755859375,597.5300293,6709.5,24790.25
2025-09-18 17:01:00+00:00,664.1400146484375,597.5999755859375,6710,24793.5
2025-09-18 17:02:00+00:00,663.9414063,597.4699707,6708,24787.5
2025-09-18 17:03:00+00:00,663.8538208007812,597.4692993164062,6707,24787.75
2025-09-18 17:04:00+00:00,663.869873,597.5300293,6707.25,24790.25
2025-09-18 17:05:00+00:00,663.8800048828125,597.5856934,6707.5,24793
2025-09-18 17:06:00+00:00,663.8900146484375,597.5800170898438,6707.5,24791.75
2025-09-18 17:07:00+00:00,663.9299926757812,597.5800170898438,6707.75,24792.25
2025-09-18 17:08:00+00:00,663.7399902,597.4899902,6706,24788
2025-09-18 17:09:00+00:00,663.9299926757812,597.6049805,6707.5,24791.25
2025-09-18 17:10:00+00:00,663.8599853515625,597.4799805,6707.25,24788
2025-09-18 17:11:00+00:00,663.9349975585938,597.5499877929688,6708,24790.5
2025-09-18 17:12:00+00:00,663.880127,597.4400024414062,6707.5,24786.75
2025-09-18 17:13:00+00:00,663.8200073242188,597.4099731445312,6706.75,24784.75
2025-09-18 17:14:00+00:00,663.7600098,597.3800048828125,6706.25,24783.5
2025-09-18 17:15:00+00:00,663.8049926757812,597.4500122070312,6706.5,24787.25
2025-09-18 17:16:00+00:00,663.7949829101562,597.375,6706.75,24783.5
2025-09-18 17:17:00+00:00,663.7999877929688,597.3900146484375,6706.5,24784.25
2025-09-18 17:18:00+00:00,663.8900146484375,597.5100098,6707.5,24789.5
2025-09-18 17:19:00+00:00,663.7299805,597.3596801757812,6705.75,24782.75
2025-09-18 17:20:00+00:00,663.7000122070312,597.2899780273438,6705.5,24780
2025-09-18 17:21:00+00:00,663.6900024414062,597.3099975585938,6705.25,24780.5
2025-09-18 17:22:00+00:00,663.7100219726562,597.3649902,6705.5,24783.25
2025-09-18 17:23:00+00:00,663.6400146484375,597.3005981445312,6705,24781.25
2025-09-18 17:24:00+00:00,663.4799805,597.1500854492188,6703.5,24774.75
2025-09-18 17:25:00+00:00,663.3699951171875,597.0200195,6702.25,24769.25
2025-09-18 17:26:00+00:00,663.2999877929688,596.9349975585938,6701.5,24765.25
2025-09-18 17:27:00+00:00,663.3900146484375,596.9949951171875,6702.25,24767.75
2025-09-18 17:28:00+00:00,663.3400268554688,596.9699707,6702,24766
2025-09-18 17:29:00+00:00,663.3200073242188,596.8699951171875,6701.75,24762.75
2025-09-18 17:30:00+00:00,663.4000244140625,596.9199829101562,6702.75,24765
2025-09-18 17:31:00+00:00,663.2949829101562,596.7199707,6701.5,24756.25
2025-09-18 17:32:00+00:00,663.2800293,596.7100219726562,6701.25,24755.25
2025-09-18 17:33:00+00:00,663.2600098,596.7000122070312,6701,24755.75
2025-09-18 17:34:00+00:00,663.0698852539062,596.5,6699,24748
2025-09-18 17:35:00+00:00,662.875,596.2999877929688,6697,24739.25
2025-09-18 17:36:00+00:00,662.7899780273438,596.25,6696.25,24735.75
2025-09-18 17:37:00+00:00,662.7100219726562,596.1599731445312,6695.5,24733
2025-09-18 17:38:00+00:00,662.9849853515625,596.3792724609375,6698,24742.25
2025-09-18 17:39:00+00:00,663.0861206054688,596.4949951171875,6699,24746.5
2025-09-18 17:40:00+00:00,662.9949951171875,596.3699951171875,6698.5,24742
2025-09-18 17:41:00+00:00,662.7600098,596.1099853515625,6695.75,24731
2025-09-18 17:42:00+00:00,662.9000244140625,596.2600098,6697.5,24737
2025-09-18 17:43:00+00:00,662.9699707,596.2700195,6698,24737.5
2025-09-18 17:44:00+00:00,662.9099731445312,596.2399902,6697.25,24735.25
2025-09-18 17:45:00+00:00,662.9757080078125,596.3499755859375,6697.75,24740.25
2025-09-18 17:46:00+00:00,662.8699951171875,596.2899780273438,6697,24738
2025-09-18 17:47:00+00:00,662.7365112304688,596.130127,6695.75,24732.5
2025-09-18 17:48:00+00:00,662.7199707,596.0900268554688,6695.75,24730.25
2025-09-18 17:49:00+00:00,662.8400268554688,596.2291259765625,6696.75,24736.25
2025-09-18 17:50:00+00:00,662.7000122070312,596.0900268554688,6695.25,24731
2025-09-18 17:51:00+00:00,662.9500122070312,596.3649902,6697.75,24742
2025-09-18 17:52:00+00:00,663.0900268554688,596.4699707,6699.25,24746
2025-09-18 17:53:00+00:00,663.1099243164062,596.4799805,6699.25,24746.25
2025-09-18 17:54:00+00:00,663.0750122070312,596.4699707,6699.25,24745.5
2025-09-18 17:55:00+00:00,662.9301147460938,596.3250122070312,6697.75,24739
2025-09-18 17:56:00+00:00,662.7108764648438,596.0949707,6695.25,24729.75
2025-09-18 17:57:00+00:00,662.5300293,595.9550170898438,6693.5,24724.5
2025-09-18 17:58:00+00:00,662.6099853515625,596.0449219,6694.25,24728.25
2025-09-18 17:59:00+00:00,662.7899780273438,596.1998901367188,6696,24734.25
2025-09-18 18:00:00+00:00,662.8400268554688,596.1699829101562,6696.75,24734
2025-09-18 18:01:00+00:00,662.7199707,596.1162109,6695.5,24731.75
2025-09-18 18:02:00+00:00,662.8499755859375,596.2249755859375,6696.75,24736
2025-09-18 18:03:00+00:00,662.9006958007812,596.2999267578125,6697.25,24739.5
2025-09-18 18:04:00+00:00,663.0150146484375,596.4899902,6698.75,24747
2025-09-18 18:05:00+00:00,663.1350098,596.6699829101562,6699.75,24754.5
2025-09-18 18:06:00+00:00,663.1400146484375,596.6900024414062,6700,24755
2025-09-18 18:07:00+00:00,663.1900024414062,596.8151245117188,6700.25,24760.75
2025-09-18 18:08:00+00:00,663.1400146484375,596.7124023,6699.75,24756.5
2025-09-18 18:09:00+00:00,663.0700073242188,596.6550293,6699,24753.5
2025-09-18 18:10:00+00:00,662.9500122070312,596.4199829101562,6697.75,24744.25
2025-09-18 18:11:00+00:00,662.7399902,596.1981201171875,6695.75,24735
2025-09-18 18:12:00+00:00,662.7070922851562,596.1799926757812,6695.5,24734.25
2025-09-18 18:13:00+00:00,662.8599853515625,596.3607177734375,6697,24741
2025-09-18 18:14:00+00:00,662.8099975585938,596.2899780273438,6696.5,24738.75
2025-09-18 18:15:00+00:00,662.9500122070312,596.4600219726562,6697.75,24745.75
2025-09-18 18:16:00+00:00,662.9650268554688,596.5100098,6698,24747.25
2025-09-18 18:17:00+00:00,662.8499755859375,596.2800293,6696.75,24737.75
2025-09-18 18:18:00+00:00,662.7000122070312,596.0999755859375,6695.25,24730
2025-09-18 18:19:00+00:00,662.75,596.1550293,6695.75,24733
2025-09-18 18:20:00+00:00,662.8499755859375,596.2600098,6696.75,24737.75
2025-09-18 18:21:00+00:00,662.8099975585938,596.2299194335938,6696.5,24735.75
2025-09-18 18:22:00+00:00,662.8499755859375,596.3400268554688,6696.75,24740.75
2025-09-18 18:23:00+00:00,662.7800293,596.2700195,6696.25,24737.75
2025-09-18 18:24:00+00:00,662.8499755859375,596.4077758789062,6696.75,24743
2025-09-18 18:25:00+00:00,662.8369141,596.3300170898438,6696.5,24740.25
2025-09-18 18:26:00+00:00,662.8150024414062,596.2802734,6696.25,24738
2025-09-18 18:27:00+00:00,662.9450073242188,596.4899902,6698,24746.75
2025-09-18 18:28:00+00:00,662.9409790039062,596.4500122070312,6698,24745.75
2025-09-18 18:29:00+00:00,662.7750244140625,596.2850952148438,6696,24738.25
2025-09-18 18:30:00+00:00,662.8543090820312,596.3499755859375,6696.75,24740.5
2025-09-18 18:31:00+00:00,662.8743286132812,596.3800048828125,6697,24741.5
2025-09-18 18:32:00+00:00,662.8950195,596.3800048828125,6697.25,24742.25
2025-09-18 18:33:00+00:00,662.9899902,596.4799805,6698,24746.5
2025-09-18 18:34:00+00:00,663.0050048828125,596.5200195,6698.25,24747.5
2025-09-18 18:35:00+00:00,662.9799805,596.5399780273438,6698,24749
2025-09-18 18:36:00+00:00,662.9299926757812,596.5499877929688,6697.5,24749.75
2025-09-18 18:37:00+00:00,662.9024047851562,596.5350952148438,6697.25,24748.25
2025-09-18 18:38:00+00:00,662.9500122070312,596.5949707,6698,24751.75
2025-09-18 18:39:00+00:00,662.8649902,596.5050048828125,6696.75,24747.5
2025-09-18 18:40:00+00:00,662.8699951171875,596.5050048828125,6697,24747.5
2025-09-18 18:41:00+00:00,662.7022094726562,596.2949829101562,6695.25,24738.75
2025-09-18 18:42:00+00:00,662.6699829101562,596.2999877929688,6695,24738.75
2025-09-18 18:43:00+00:00,662.5300293,596.1981201171875,6693.5,24734.5
2025-09-18 18:44:00+00:00,662.4450073242188,596.1500244140625,6692.5,24732.75
2025-09-18 18:45:00+00:00,662.5300293,596.2000122070312,6693.5,24735
2025-09-18 18:46:00+00:00,662.8900146484375,596.5650024414062,6697.25,24750.25
2025-09-18 18:47:00+00:00,663.0283813476562,596.7050170898438,6698.75,24755.75
2025-09-18 18:48:00+00:00,663.0850219726562,596.8099975585938,6699.5,24760.25
2025-09-18 18:49:00+00:00,662.9899902,596.5856934,6698.5,24750.25
2025-09-18 18:50:00+00:00,663.0100098,596.6199951171875,6698.5,24752.25
2025-09-18 18:51:00+00:00,663.2000732421875,596.7799072265625,6700.5,24758
2025-09-18 18:52:00+00:00,663.25,596.7579956054688,6701,24758.25
2025-09-18 18:53:00+00:00,663.3200073242188,596.8400268554688,6701.75,24760.5
2025-09-18 18:54:00+00:00,663.3400268554688,596.8499755859375,6702,24761.5
2025-09-18 18:55:00+00:00,663.3800048828125,596.8599853515625,6702.5,24761.75
2025-09-18 18:56:00+00:00,663.4249877929688,596.8300170898438,6703,24761.25
2025-09-18 18:57:00+00:00,663.4199829101562,596.8599853515625,6702.75,24762.25
2025-09-18 18:58:00+00:00,663.2999877929688,596.7899780273438,6701.75,24758.5
2025-09-18 18:59:00+00:00,663.2399902,596.7199707,6701.25,24756.25
2025-09-18 19:00:00+00:00,663.3200073242188,596.6749877929688,6702,24754.5
2025-09-18 19:01:00+00:00,663.3400268554688,596.6450195,6701.75,24752.75
2025-09-18 19:02:00+00:00,663.2000122070312,596.4849853515625,6701,24746
2025-09-18 19:03:00+00:00,663.2199707,596.4990234,6701,24747.5
2025-09-18 19:04:00+00:00,663.2150268554688,596.5700073242188,6700.75,24749.5
2025-09-18 19:05:00+00:00,663.2600098,596.5349731445312,6701.25,24748.25
2025-09-18 19:06:00+00:00,663.2800293,596.5650024414062,6701.25,24750
2025-09-18 19:07:00+00:00,663.3900146484375,596.6599731445312,6702.5,24753.25
2025-09-18 19:08:00+00:00,663.3400268554688,596.6599731445312,6702,24753
2025-09-18 19:09:00+00:00,663.3599853515625,596.6701049804688,6702.5,24754
2025-09-18 19:10:00+00:00,663.3699951171875,596.6699829101562,6702.5,24754
2025-09-18 19:11:00+00:00,663.2800293,596.6500244140625,6701.5,24752.75
2025-09-18 19:12:00+00:00,663.1298828,596.5100098,6700,24747
2025-09-18 19:13:00+00:00,663.0999755859375,596.5599975585938,6700,24749.25
2025-09-18 19:14:00+00:00,663.0999755859375,596.4962158203125,6699.75,24746.5
2025-09-18 19:15:00+00:00,662.9400024414062,596.2999877929688,6698,24736.5
2025-09-18 19:16:00+00:00,662.9099731445312,596.3099975585938,6697.75,24738.75
2025-09-18 19:17:00+00:00,663.0499877929688,596.4000244140625,6699.25,24743
2025-09-18 19:18:00+00:00,663.1099853515625,596.4799805,6699.75,24746
2025-09-18 19:19:00+00:00,663.1242065429688,596.5100098,6700,24747.75
2025-09-18 19:20:00+00:00,662.9899902,596.3980102539062,6698.5,24743
2025-09-18 19:21:00+00:00,662.8150024414062,596.3200073242188,6697,24739.25
2025-09-18 19:22:00+00:00,662.7990723,596.2299805,6696.5,24735.75
2025-09-18 19:23:00+00:00,662.7999877929688,596.1799926757812,6696.75,24734.5
2025-09-18 19:24:00+00:00,662.8350219726562,596.0999755859375,6697,24730.5
2025-09-18 19:25:00+00:00,662.8499755859375,596.0050048828125,6697.25,24726
2025-09-18 19:26:00+00:00,662.7650146484375,595.8900146484375,6696.25,24721.75
2025-09-18 19:27:00+00:00,662.7199096679688,595.7999877929688,6696,24717.5
2025-09-18 19:28:00+00:00,662.7650146484375,595.8901977539062,6696.25,24722
2025-09-18 19:29:00+00:00,662.7100219726562,595.8850098,6695.75,24721.25
2025-09-18 19:30:00+00:00,662.7700195,595.9899902,6696.25,24726.25
2025-09-18 19:31:00+00:00,662.7899780273438,596.0299072265625,6696.75,24727.75
2025-09-18 19:32:00+00:00,662.6699829101562,595.8198852539062,6695.5,24718.25
2025-09-18 19:33:00+00:00,662.4600219726562,595.6398926,6693.25,24711
2025-09-18 19:34:00+00:00,662.5300293,595.7700195,6693.75,24717
2025-09-18 19:35:00+00:00,662.4799805,595.7650146484375,6693.25,24716.75
2025-09-18 19:36:00+00:00,662.5399780273438,595.8950195,6694,24722
2025-09-18 19:37:00+00:00,662.2600098,595.6699829101562,6691.25,24712.5
2025-09-18 19:38:00+00:00,662.3150024414062,595.75,6691.75,24716.5
2025-09-18 19:39:00+00:00,662.4099731445312,595.7349853515625,6693,24714.5
2025-09-18 19:40:00+00:00,662.5800170898438,595.8549805,6694.5,24719.75
2025-09-18 19:41:00+00:00,662.3099975585938,595.6900024414062,6691.75,24712
2025-09-18 19:42:00+00:00,662.2800293,595.6699829101562,6691.5,24712.75
2025-09-18 19:43:00+00:00,662.4000244140625,595.6699829101562,6692.75,24712.75
2025-09-18 19:44:00+00:00,662.3900146484375,595.7100219726562,6692.5,24714.5
2025-09-18 19:45:00+00:00,662.3699951171875,595.5599975585938,6692.25,24708.75
2025-09-18 19:46:00+00:00,662.25,595.449707,6691.25,24704.25
2025-09-18 19:47:00+00:00,662.2100219726562,595.4650268554688,6690.75,24704.75
2025-09-18 19:48:00+00:00,662,595.3250122070312,6688.5,24698.75
2025-09-18 19:49:00+00:00,662.2000122070312,595.5200195,6690.75,24707
2025-09-18 19:50:00+00:00,662.5009155273438,595.8599853515625,6694,24720.75
2025-09-18 19:51:00+00:00,662.6149902,595.7750244140625,6695.25,24717.5
2025-09-18 19:52:00+00:00,662.7030029296875,595.9149780273438,6696,24723.5
2025-09-18 19:53:00+00:00,662.9000244140625,596.0198974609375,6698,24727.25
2025-09-18 19:54:00+00:00,662.9400024414062,595.9099731445312,6698.25,24722.25
2025-09-18 19:55:00+00:00,662.3900146484375,595.4699707,6692.75,24704.5
2025-09-18 19:56:00+00:00,662.5999755859375,595.6649780273438,6695,24711.75
2025-09-18 19:57:00+00:00,662.6400146484375,595.7299805,6695.5,24714.25
2025-09-18 19:58:00+00:00,662.5150146484375,595.5700073242188,6694.5,24707.25
2025-09-18 19:59:00+00:00,662.2899780273438,595.3699951171875,6692.25,24698.5
2025-09-19 13:30:00+00:00,661.8599853515625,597.2600098,6702,24769.5
2025-09-19 13:31:00+00:00,661.9000244140625,597.2299805,6702.5,24766
2025-09-19 13:32:00+00:00,661.8400268554688,597.1099853515625,6702,24760
2025-09-19 13:33:00+00:00,661.5949707,597.0800170898438,6699.75,24753
2025-09-19 13:34:00+00:00,661.4899902,596.9000244140625,6698.75,24752.25
2025-09-19 13:35:00+00:00,661.5200195,596.7700195,6699,24747
2025-09-19 13:36:00+00:00,661.4400024414062,596.9000244140625,6698.25,24751.25
2025-09-19 13:37:00+00:00,661.5288086,596.7399902,6699.25,24745.25
2025-09-19 13:38:00+00:00,661.3699951171875,596.6300048828125,6697.75,24740.25
2025-09-19 13:39:00+00:00,661.6799926757812,596.9099731445312,6701,24752.75
2025-09-19 13:40:00+00:00,661.8099975585938,597.1950073242188,6702,24764.25
2025-09-19 13:41:00+00:00,661.7985229492188,597.2100219726562,6702,24766.75
2025-09-19 13:42:00+00:00,661.8800048828125,597.3101196289062,6703,24769
2025-09-19 13:43:00+00:00,661.5900268554688,596.9899902,6700,24755.75
2025-09-19 13:44:00+00:00,661.6199951171875,597.25,6700.25,24766.75
2025-09-19 13:45:00+00:00,661.5100098,597,6699.25,24755
2025-09-19 13:46:00+00:00,661.6099853515625,596.9799194335938,6700.25,24753.75
2025-09-19 13:47:00+00:00,661.8300170898438,597.2800293,6702.5,24767.25
2025-09-19 13:48:00+00:00,661.9500122070312,597.2600098,6703.5,24766.75
2025-09-19 13:49:00+00:00,662.4000244140625,597.8900146484375,6708.5,24793.25
2025-09-19 13:50:00+00:00,662.3699951171875,597.9000244140625,6708,24792.75
2025-09-19 13:51:00+00:00,662.5499877929688,598.1146240234375,6709.75,24802.75
2025-09-19 13:52:00+00:00,662.6199951171875,598.2899780273438,6710.5,24810
2025-09-19 13:53:00+00:00,662.5700073242188,598.1356201171875,6710,24803
2025-09-19 13:54:00+00:00,662.4899902,598.1199951171875,6709.25,24802.5
2025-09-19 13:55:00+00:00,662.4710083007812,598.2299805,6709,24807.25
2025-09-19 13:56:00+00:00,662.2999877929688,597.8900146484375,6707.25,24793
2025-09-19 13:57:00+00:00,662.2600098,597.7800293,6706.75,24788.5
2025-09-19 13:58:00+00:00,662.0700073242188,597.6799926757812,6705,24783.75
2025-09-19 13:59:00+00:00,662.1500244140625,597.8300170898438,6705.75,24790.75
2025-09-19 14:00:00+00:00,662,597.7150268554688,6704.25,24785.25
2025-09-19 14:01:00+00:00,662.0599975585938,597.8800048828125,6705,24792
2025-09-19 14:02:00+00:00,661.9699707,597.7399902,6704,24786.5
2025-09-19 14:03:00+00:00,662.0900268554688,597.9500122070312,6705.25,24794.75
2025-09-19 14:04:00+00:00,662.2000122070312,598.0300293,6706.25,24799.5
2025-09-19 14:05:00+00:00,662.0300293,597.8499755859375,6704.5,24791.25
2025-09-19 14:06:00+00:00,662.2899780273438,598.1390991210938,6707.25,24804
2025-09-19 14:07:00+00:00,662.3099975585938,598.1400146484375,6707.5,24803.75
2025-09-19 14:08:00+00:00,662.2249755859375,597.9619141,6706.5,24798
2025-09-19 14:09:00+00:00,662.0200195,597.7150268554688,6704.25,24786.75
2025-09-19 14:10:00+00:00,662,597.6599731445312,6704.25,24783
2025-09-19 14:11:00+00:00,662.1749877929688,597.9699707,6706,24796.5
2025-09-19 14:12:00+00:00,662.1500244140625,597.8779907226562,6705.75,24793.25
2025-09-19 14:13:00+00:00,662.2600098,597.9199829101562,6706.75,24794.5
2025-09-19 14:14:00+00:00,662.0750122070312,597.7941284179688,6704.75,24789.25
2025-09-19 14:15:00+00:00,661.9749755859375,597.5499877929688,6704,24779.25
2025-09-19 14:16:00+00:00,662.0900268554688,597.5399780273438,6705,24778.25
2025-09-19 14:17:00+00:00,661.8649902,597.3099975585938,6703,24768.5
2025-09-19 14:18:00+00:00,661.875,597.3300170898438,6703,24770.25
2025-09-19 14:19:00+00:00,661.9349975585938,597.2600098,6703.5,24767.25
2025-09-19 14:20:00+00:00,661.8499755859375,597.1898803710938,6702.25,24764.25
2025-09-19 14:21:00+00:00,661.9650268554688,597.3516845703125,6703.5,24771
2025-09-19 14:22:00+00:00,662.0100098,597.4899902,6704.25,24776.75
2025-09-19 14:23:00+00:00,662.1400146484375,597.6950073242188,6705.25,24784
2025-09-19 14:24:00+00:00,662.0349731445312,597.6199951171875,6704.5,24782.25
2025-09-19 14:25:00+00:00,662.0300293,597.6900024414062,6704.25,24784.25
2025-09-19 14:26:00+00:00,662.0700073242188,597.875,6704.75,24792.25
2025-09-19 14:27:00+00:00,662.0415039,597.9000854492188,6704.25,24793.5
2025-09-19 14:28:00+00:00,661.9799805,597.7999877929688,6704,24790.25
2025-09-19 14:29:00+00:00,661.9199829101562,597.6298828,6702.75,24782.5
2025-09-19 14:30:00+00:00,661.9000244140625,597.5900268554688,6703,24781.5
2025-09-19 14:31:00+00:00,662.0999755859375,597.7000122070312,6705,24786
2025-09-19 14:32:00+00:00,661.9149780273438,597.4400024414062,6702.75,24774
2025-09-19 14:33:00+00:00,662.1500244140625,597.6400146484375,6705.5,24783.75
2025-09-19 14:34:00+00:00,662.1199951171875,597.6400146484375,6705,24783.25
2025-09-19 14:35:00+00:00,662.0900879,597.6651000976562,6705,24783.75
2025-09-19 14:36:00+00:00,661.9600219726562,597.5300293,6703.5,24778.25
2025-09-19 14:37:00+00:00,661.9581909179688,597.4600219726562,6703.25,24775
2025-09-19 14:38:00+00:00,661.8250122070312,597.2700195,6702.25,24768
2025-09-19 14:39:00+00:00,661.8599853515625,597.3900146484375,6702.5,24772.5
2025-09-19 14:40:00+00:00,661.5599975585938,597.0599975585938,6699.25,24759.25
2025-09-19 14:41:00+00:00,661.4899902,597.0700073242188,6699,24758.5
2025-09-19 14:42:00+00:00,661.5700073242188,597.1087036132812,6699.5,24761
2025-09-19 14:43:00+00:00,661.4949951171875,597.0192871,6698.75,24757.25
2025-09-19 14:44:00+00:00,661.3499755859375,596.9299926757812,6697.5,24753.25
2025-09-19 14:45:00+00:00,661.2600098,596.8400268554688,6696.25,24750.75
2025-09-19 14:46:00+00:00,661.1599731445312,596.7800293,6695.25,24747.5
2025-09-19 14:47:00+00:00,661.0491943359375,596.6580200195312,6694.25,24741.25
2025-09-19 14:48:00+00:00,661.2600098,596.8699951171875,6696.25,24751.25
2025-09-19 14:49:00+00:00,661.2999877929688,596.9998779296875,6696.75,24756.25
2025-09-19 14:50:00+00:00,661.1799926757812,596.7999877929688,6695.5,24748.25
2025-09-19 14:51:00+00:00,661.2399902,596.8599853515625,6696.25,24751.25
2025-09-19 14:52:00+00:00,661.7999877929688,597.3300170898438,6701.75,24769.75
2025-09-19 14:53:00+00:00,661.7000122070312,597.1699829101562,6700.5,24764
2025-09-19 14:54:00+00:00,661.6099243164062,597.0985107421875,6699.5,24760.25
2025-09-19 14:55:00+00:00,661.3099975585938,596.8499755859375,6696.75,24750.5
2025-09-19 14:56:00+00:00,661.6049805,597.2199707,6699.5,24765.5
2025-09-19 14:57:00+00:00,661.5399780273438,597.1799926757812,6699,24764
2025-09-19 14:58:00+00:00,661.5349731445312,597.1599121,6698.75,24761.75
2025-09-19 14:59:00+00:00,661.5900268554688,597.1799926757812,6699.5,24763.5
2025-09-19 15:00:00+00:00,661.8300781,597.4400024414062,6702.25,24774.5
2025-09-19 15:01:00+00:00,661.6597290039062,597.1799926757812,6700,24764.25
2025-09-19 15:02:00+00:00,661.4450073242188,597.0087280273438,6698,24756.75
2025-09-19 15:03:00+00:00,661.3599853515625,596.9000244140625,6697.25,24751.75
2025-09-19 15:04:00+00:00,661.2299805,596.7349853515625,6695.75,24745.5
2025-09-19 15:05:00+00:00,661.2199707,596.6400146484375,6695.75,24741
2025-09-19 15:06:00+00:00,661.1492919921875,596.5800170898438,6695,24740.75
2025-09-19 15:07:00+00:00,661.2000122070312,596.7800293,6695.5,24747.5
2025-09-19 15:08:00+00:00,661.1500244140625,596.5974121,6695,24740
2025-09-19 15:09:00+00:00,661.1400146484375,596.6450195,6695.25,24741.75
2025-09-19 15:10:00+00:00,661.0800170898438,596.5905762,6694.5,24739
2025-09-19 15:11:00+00:00,660.9699707,596.5300293,6693.25,24736.75
2025-09-19 15:12:00+00:00,661.109375,596.6599731445312,6694.5,24742.25
2025-09-19 15:13:00+00:00,661.0399780273438,596.5299072265625,6694,24736.75
2025-09-19 15:14:00+00:00,661.0200195,596.4899902,6694,24735.25
2025-09-19 15:15:00+00:00,660.9899902,596.4000244140625,6693.75,24731.25
2025-09-19 15:16:00+00:00,660.9500122070312,596.3850098,6693.25,24730.75
2025-09-19 15:17:00+00:00,660.9400024414062,596.3809204101562,6693,24731
2025-09-19 15:18:00+00:00,660.875,596.3400268554688,6692.5,24729
2025-09-19 15:19:00+00:00,660.9899902,596.5499267578125,6693.75,24737.75
2025-09-19 15:20:00+00:00,661.0599975585938,596.5599975585938,6694.25,24739.5
2025-09-19 15:21:00+00:00,660.9000244140625,596.3599853515625,6692.5,24730.5
2025-09-19 15:22:00+00:00,660.7401123046875,596.1900024414062,6691,24723.25
2025-09-19 15:23:00+00:00,661.0100098,596.5,6694.25,24740.5
2025-09-19 15:24:00+00:00,661.1099853515625,596.5549926757812,6694.75,24738.5
2025-09-19 15:25:00+00:00,660.9500122070312,596.4000244140625,6693,24731.75
2025-09-19 15:26:00+00:00,660.7700195,596.2349853515625,6691.5,24725
2025-09-19 15:27:00+00:00,660.7100219726562,596.1755981445312,6690.75,24722.25
2025-09-19 15:28:00+00:00,660.7800293,596.2299805,6691.5,24725.25
2025-09-19 15:29:00+00:00,660.7600098,596.3200073242188,6691,24727.25
2025-09-19 15:30:00+00:00,660.4979858398438,596.0549926757812,6688.75,24717.75
2025-09-19 15:31:00+00:00,660.4299926757812,596.0200195,6687.75,24717
2025-09-19 15:32:00+00:00,660.4500122070312,596.0900268554688,6688.25,24719
2025-09-19 15:33:00+00:00,660.5899047851562,596.2199707,6689.25,24724.75
2025-09-19 15:34:00+00:00,660.6599121,596.2199707,6690.25,24724.5
2025-09-19 15:35:00+00:00,660.6799926757812,596.2249755859375,6690.25,24725.5
2025-09-19 15:36:00+00:00,660.7399902,596.2399902,6690.75,24725.75
2025-09-19 15:37:00+00:00,660.8699951171875,596.4299926757812,6692.25,24734.25
2025-09-19 15:38:00+00:00,660.7800293,596.3099975585938,6691.25,24729.25
2025-09-19 15:39:00+00:00,660.7399902,596.2899780273438,6690.75,24728
2025-09-19 15:40:00+00:00,660.875,596.4799805,6692.25,24735.5
2025-09-19 15:41:00+00:00,661.0650024414062,596.6350098,6694,24741.75
2025-09-19 15:42:00+00:00,661.1649780273438,596.6801147460938,6695,24743.5
2025-09-19 15:43:00+00:00,661.2199707,596.7650146484375,6695.5,24747.5
2025-09-19 15:44:00+00:00,661.0900268554688,596.7600098,6694.25,24747.25
2025-09-19 15:45:00+00:00,661.0989990234375,596.8499755859375,6694.75,24750.5
2025-09-19 15:46:00+00:00,661.0999755859375,596.8099975585938,6694.75,24750.75
2025-09-19 15:47:00+00:00,661.1049805,596.7700195,6694.75,24747.5
2025-09-19 15:48:00+00:00,661.1799926757812,596.8164063,6695.5,24749
2025-09-19 15:49:00+00:00,661.1699829101562,596.8099975585938,6695.5,24749
2025-09-19 15:50:00+00:00,661.2299805,597,6696,24757.25
2025-09-19 15:51:00+00:00,661.3300170898438,597.0499877929688,6697,24759
2025-09-19 15:52:00+00:00,661.3599853515625,597.0900268554688,6697.25,24760.25
2025-09-19 15:53:00+00:00,661.4050293,597.0598754882812,6698,24759
2025-09-19 15:54:00+00:00,661.5499877929688,597.1950073242188,6699.5,24764.75
2025-09-19 15:55:00+00:00,661.4299926757812,597.0949707,6698,24760.5
2025-09-19 15:56:00+00:00,661.4799805,597.25,6698.75,24767.5
2025-09-19 15:57:00+00:00,661.5599975585938,597.3599853515625,6699.5,24772
2025-09-19 15:58:00+00:00,661.6099853515625,597.4149780273438,6700,24773.5
2025-09-19 15:59:00+00:00,661.5999755859375,597.3599853515625,6700,24771.25
2025-09-19 16:00:00+00:00,661.6699829101562,597.5349731445312,6700.75,24779.25
2025-09-19 16:01:00+00:00,661.7700195,597.6080932617188,6701.75,24781.25
2025-09-19 16:02:00+00:00,661.875,597.6646118164062,6703,24784.25
2025-09-19 16:03:00+00:00,661.9699707,597.8099975585938,6703.75,24790.75
2025-09-19 16:04:00+00:00,662.0189819335938,597.9099731445312,6704.5,24794.75
2025-09-19 16:05:00+00:00,661.9920043945312,597.9249877929688,6704.25,24795.5
2025-09-19 16:06:00+00:00,662.0150146484375,597.8718262,6704.25,24793.25
2025-09-19 16:07:00+00:00,662.1099853515625,597.9899902,6705.25,24799
2025-09-19 16:08:00+00:00,662.1300048828125,598.1000977,6705.75,24803.25
2025-09-19 16:09:00+00:00,662.0349121,597.9500122070312,6704.25,24797
2025-09-19 16:10:00+00:00,662.2000122070312,598.1699829101562,6706.25,24806.25
2025-09-19 16:11:00+00:00,662.2614746,598.1550293,6707,24805.5
2025-09-19 16:12:00+00:00,662.1400146484375,598.0131836,6705.75,24800.5
2025-09-19 16:13:00+00:00,662.1400146484375,598.0100098,6705.75,24800
2025-09-19 16:14:00+00:00,662.2523193359375,598.1500244140625,6707,24806
2025-09-19 16:15:00+00:00,662.25,598.1699829101562,6706.75,24806.5
2025-09-19 16:16:00+00:00,662.3400268554688,598.2899780273438,6707.75,24812.25
2025-09-19 16:17:00+00:00,662.2999877929688,598.1649780273438,6707.5,24806.5
2025-09-19 16:18:00+00:00,662.3599853515625,598.2199707,6708,24808.5
2025-09-19 16:19:00+00:00,662.4000244140625,598.2150268554688,6708.5,24808.75
2025-09-19 16:20:00+00:00,662.4099731445312,598.1599731445312,6708.5,24806
2025-09-19 16:21:00+00:00,662.3701172,598.1500244140625,6708,24805.75
2025-09-19 16:22:00+00:00,662.5,598.2600098,6709.5,24810.5
2025-09-19 16:23:00+00:00,662.6099853515625,598.4199829101562,6710.75,24817
2025-09-19 16:24:00+00:00,662.5100098,598.2849731445312,6709.75,24811.5
2025-09-19 16:25:00+00:00,662.4600219726562,598.2700195,6709,24811.25
2025-09-19 16:26:00+00:00,662.5217285,598.4000244140625,6709.75,24816.25
2025-09-19 16:27:00+00:00,662.5200195,598.4099731445312,6709.75,24816.25
2025-09-19 16:28:00+00:00,662.4600219726562,598.3350219726562,6709,24813.75
2025-09-19 16:29:00+00:00,662.4899902,598.4299926757812,6709.5,24817.75
2025-09-19 16:30:00+00:00,662.5,598.5100098,6709.5,24821
2025-09-19 16:31:00+00:00,662.3400268554688,598.3601074,6708,24815
2025-09-19 16:32:00+00:00,662.2490234,598.1300048828125,6707,24806
2025-09-19 16:33:00+00:00,662.1599731445312,598.0700073242188,6706.25,24803
2025-09-19 16:34:00+00:00,662.2399902,598.1550293,6707,24806.25
2025-09-19 16:35:00+00:00,662.4400024414062,598.3699951171875,6709,24814.75
2025-09-19 16:36:00+00:00,662.4299926757812,598.3400879,6708.75,24814.25
2025-09-19 16:37:00+00:00,662.3300170898438,598.2512207,6708,24811
2025-09-19 16:38:00+00:00,662.3300170898438,598.2354125976562,6708,24810.5
2025-09-19 16:39:00+00:00,662.3099975585938,598.2254028320312,6707.75,24810
2025-09-19 16:40:00+00:00,662.4199829101562,598.3699951171875,6708.5,24816.25
2025-09-19 16:41:00+00:00,662.5200195,598.5,6709.75,24820.5
2025-09-19 16:42:00+00:00,662.4500122070312,598.4119262695312,6709,24817.25
2025-09-19 16:43:00+00:00,662.5449829101562,598.5300293,6710,24822.5
2025-09-19 16:44:00+00:00,662.5800170898438,598.625,6710.5,24826.5
2025-09-19 16:45:00+00:00,662.5150146484375,598.5200195,6709.75,24822.25
2025-09-19 16:46:00+00:00,662.4899902,598.4500122070312,6709.5,24819.25
2025-09-19 16:47:00+00:00,662.5999755859375,598.5900268554688,6710.75,24825
2025-09-19 16:48:00+00:00,662.7138061523438,598.7750854492188,6712,24832.75
2025-09-19 16:49:00+00:00,662.5701293945312,598.5900879,6710.5,24825.75
2025-09-19 16:50:00+00:00,662.4099731445312,598.3800048828125,6708.75,24816.75
2025-09-19 16:51:00+00:00,662.3964233398438,598.4400024414062,6708.5,24818.25
2025-09-19 16:52:00+00:00,662.4450073242188,598.4600219726562,6709,24819.75
2025-09-19 16:53:00+00:00,662.5300293,598.5899047851562,6709.75,24824.75
2025-09-19 16:54:00+00:00,662.4699707,598.5300293,6709.5,24822.75
2025-09-19 16:55:00+00:00,662.4700927734375,598.5800170898438,6709.5,24824.75
2025-09-19 16:56:00+00:00,662.5100098,598.5200195,6709.5,24822.75
2025-09-19 16:57:00+00:00,662.4450073242188,598.4301147460938,6709,24819.25
2025-09-19 16:58:00+00:00,662.4718017578125,598.4799194335938,6709.25,24821.25
2025-09-19 16:59:00+00:00,662.5300293,598.4899902,6710,24821.5
2025-09-19 17:00:00+00:00,662.5800170898438,598.4949951171875,6710.5,24821.75
2025-09-19 17:01:00+00:00,662.5800781,598.4699707,6710.5,24821.5
2025-09-19 17:02:00+00:00,662.6049805,598.5399780273438,6711,24822.5
2025-09-19 17:03:00+00:00,662.5399780273438,598.4299926757812,6710.25,24818.75
2025-09-19 17:04:00+00:00,662.5250244140625,598.4135742,6710,24818.25
2025-09-19 17:05:00+00:00,662.4500122070312,598.3499755859375,6709.25,24815.5
2025-09-19 17:06:00+00:00,662.4600219726562,598.3800048828125,6709.5,24815.75
2025-09-19 17:07:00+00:00,662.4050293,598.3499755859375,6708.75,24815
2025-09-19 17:08:00+00:00,662.3800048828125,598.3300781,6708.75,24814.5
2025-09-19 17:09:00+00:00,662.3010864257812,598.2600098,6708,24811.25
2025-09-19 17:10:00+00:00,662.2299805,598.125,6707,24806.75
2025-09-19 17:11:00+00:00,662.3800048828125,598.1950073242188,6708.75,24809.25
2025-09-19 17:12:00+00:00,662.3499755859375,598.1500244140625,6708.5,24806.5
2025-09-19 17:13:00+00:00,662.3399047851562,598.1000977,6708.25,24804.5
2025-09-19 17:14:00+00:00,662.4199829101562,598.1699829101562,6709.25,24808.25
2025-09-19 17:15:00+00:00,662.4699096679688,598.2006836,6709.75,24808.75
2025-09-19 17:16:00+00:00,662.4349975585938,598.1337891,6709.25,24806.25
2025-09-19 17:17:00+00:00,662.4099731445312,598.1099853515625,6709.25,24804.5
2025-09-19 17:18:00+00:00,662.4400024414062,598.0692749023438,6709.25,24803.75
2025-09-19 17:19:00+00:00,662.4050293,598.0200195,6709,24801.25
2025-09-19 17:20:00+00:00,662.3900146484375,598.0399780273438,6708.75,24802.25
2025-09-19 17:21:00+00:00,662.4600219726562,598.1099853515625,6709.75,24805.25
2025-09-19 17:22:00+00:00,662.4600219726562,598.1599121,6709.75,24807.25
2025-09-19 17:23:00+00:00,662.4600219726562,598.1799926757812,6709.5,24808.25
2025-09-19 17:24:00+00:00,662.4600219726562,598.1500244140625,6709.5,24806.75
2025-09-19 17:25:00+00:00,662.4099731445312,598.1199951171875,6709,24806
2025-09-19 17:26:00+00:00,662.3200073242188,598.0493774414062,6708,24802.75
2025-09-19 17:27:00+00:00,662.2650146484375,597.9398803710938,6707.75,24798.25
2025-09-19 17:28:00+00:00,662.3049926757812,597.9500122070312,6708,24798.75
2025-09-19 17:29:00+00:00,662.4799805,598.125,6709.75,24806
2025-09-19 17:30:00+00:00,662.5949707,598.2999877929688,6711.25,24813.5
2025-09-19 17:31:00+00:00,662.5900268554688,598.3206176757812,6710.75,24813.75
2025-09-19 17:32:00+00:00,662.5850219726562,598.3499755859375,6710.75,24815.25
2025-09-19 17:33:00+00:00,662.7600098,598.4799194335938,6712.75,24819.75
2025-09-19 17:34:00+00:00,662.6500244140625,598.3099975585938,6711.5,24813.75
2025-09-19 17:35:00+00:00,662.6550293,598.3101196289062,6711.75,24813.5
2025-09-19 17:36:00+00:00,662.5800170898438,598.2000122070312,6710.75,24809.25
2025-09-19 17:37:00+00:00,662.6400146484375,598.2999877929688,6711.5,24812.75
2025-09-19 17:38:00+00:00,662.7600098,598.3499755859375,6712.75,24815
2025-09-19 17:39:00+00:00,662.7000732421875,598.3900146484375,6712,24816.5
2025-09-19 17:40:00+00:00,662.7487182617188,598.4249877929688,6712.5,24818
2025-09-19 17:41:00+00:00,662.6500244140625,598.3900756835938,6711.25,24816.5
2025-09-19 17:42:00+00:00,662.6199951171875,598.4450073242188,6711,24819
2025-09-19 17:43:00+00:00,662.6300048828125,598.4899902,6711.5,24820.5
2025-09-19 17:44:00+00:00,662.7349853515625,598.5889892578125,6712.5,24824.75
2025-09-19 17:45:00+00:00,662.8250122070312,598.6707153320312,6713.25,24828.25
2025-09-19 17:46:00+00:00,662.7750244140625,598.5949707,6712.75,24825.25
2025-09-19 17:47:00+00:00,662.6799926757812,598.5200195,6712,24822
2025-09-19 17:48:00+00:00,662.7849731445312,598.6199951171875,6713,24826.5
2025-09-19 17:49:00+00:00,662.7700195,598.5999755859375,6712.75,24825.75
2025-09-19 17:50:00+00:00,662.8800048828125,598.6599731445312,6714,24828
2025-09-19 17:51:00+00:00,662.8200073242188,598.5800170898438,6713.25,24824.75
2025-09-19 17:52:00+00:00,662.7399902,598.4500122070312,6712.25,24820.5
2025-09-19 17:53:00+00:00,662.7299805,598.4699707,6712.5,24820
2025-09-19 17:54:00+00:00,662.7299805,598.4400024414062,6712.25,24819.5
2025-09-19 17:55:00+00:00,662.7550048828125,598.4000244140625,6712.75,24817
2025-09-19 17:56:00+00:00,662.75,598.3999023,6712.5,24817
2025-09-19 17:57:00+00:00,662.6649780273438,598.3599853515625,6711.75,24815.75
2025-09-19 17:58:00+00:00,662.6154174804688,598.2800293,6711,24811.75
2025-09-19 17:59:00+00:00,662.6900024414062,598.3684082,6712,24815.75
2025-09-19 18:00:00+00:00,662.5949707,598.2600098,6711,24812
2025-09-19 18:01:00+00:00,662.5449829101562,598.2199707,6710.5,24810.25
2025-09-19 18:02:00+00:00,662.6599731445312,598.3900146484375,6711.75,24817
2025-09-19 18:03:00+00:00,662.6599731445312,598.3950195,6711.75,24817.75
2025-09-19 18:04:00+00:00,662.7199707,598.4398803710938,6712.25,24819
2025-09-19 18:05:00+00:00,662.6799926757812,598.4149780273438,6712,24818.25
2025-09-19 18:06:00+00:00,662.7199707,598.4400024414062,6712.5,24818.75
2025-09-19 18:07:00+00:00,662.6900024414062,598.3900146484375,6712,24817
2025-09-19 18:08:00+00:00,662.6500244140625,598.3649902,6711.5,24815.75
2025-09-19 18:09:00+00:00,662.6975098,598.4500122070312,6712.25,24819
2025-09-19 18:10:00+00:00,662.6400146484375,598.3900146484375,6711.75,24817
2025-09-19 18:11:00+00:00,662.6599731445312,598.3499755859375,6711.75,24815.5
2025-09-19 18:12:00+00:00,662.7100830078125,598.3800048828125,6712.25,24816.5
2025-09-19 18:13:00+00:00,662.7050170898438,598.3699951171875,6712.25,24816.5
2025-09-19 18:14:00+00:00,662.7100219726562,598.4249877929688,6712.25,24818.75
2025-09-19 18:15:00+00:00,662.8200073242188,598.4699707,6713.25,24820.25
2025-09-19 18:16:00+00:00,662.7100219726562,598.3800048828125,6712.25,24817.25
2025-09-19 18:17:00+00:00,662.6849975585938,598.2800293,6712.25,24813
2025-09-19 18:18:00+00:00,662.6649780273438,598.2844238,6712,24812.25
2025-09-19 18:19:00+00:00,662.6049805,598.2498779296875,6711.25,24811.5
2025-09-19 18:20:00+00:00,662.6099853515625,598.2991943359375,6711.25,24813.5
2025-09-19 18:21:00+00:00,662.7000122070312,598.4400024414062,6712.25,24819.75
2025-09-19 18:22:00+00:00,662.6199951171875,598.375,6711.5,24816.75
2025-09-19 18:23:00+00:00,662.5800170898438,598.2849731445312,6711,24812.75
2025-09-19 18:24:00+00:00,662.4500122070312,598.1950073242188,6709.75,24809.75
2025-09-19 18:25:00+00:00,662.4050293,598.1445922851562,6709.25,24807.25
2025-09-19 18:26:00+00:00,662.375,598.1149902,6709.25,24807
2025-09-19 18:27:00+00:00,662.3900146484375,598.0999755859375,6709.25,24806
2025-09-19 18:28:00+00:00,662.4600219726562,598.1500244140625,6709.75,24808.25
2025-09-19 18:29:00+00:00,662.5300293,598.2299805,6710.75,24811
2025-09-19 18:30:00+00:00,662.5,598.2503051757812,6710.5,24812.25
2025-09-19 18:31:00+00:00,662.4600219726562,598.3099975585938,6710,24814.25
2025-09-19 18:32:00+00:00,662.6300048828125,598.4000244140625,6711.75,24818.5
2025-09-19 18:33:00+00:00,662.7299805,598.5100098,6713,24822.75
2025-09-19 18:34:00+00:00,662.6749877929688,598.4899902,6712.5,24822.25
2025-09-19 18:35:00+00:00,662.75,598.4899902,6713,24822.75
2025-09-19 18:36:00+00:00,662.7399902,598.4500122070312,6713.25,24821
2025-09-19 18:37:00+00:00,662.7199707,598.4655762,6712.75,24821.5
2025-09-19 18:38:00+00:00,662.7100219726562,598.4899902,6712.75,24822.25
2025-09-19 18:39:00+00:00,662.7399902,598.5300293,6713.25,24823.5
2025-09-19 18:40:00+00:00,662.7899780273438,598.5150146484375,6713.5,24824.75
2025-09-19 18:41:00+00:00,662.7600098,598.5,6713.25,24823
2025-09-19 18:42:00+00:00,662.7999877929688,598.5800170898438,6713.75,24827
2025-09-19 18:43:00+00:00,662.8200073242188,598.6300048828125,6713.75,24827.75
2025-09-19 18:44:00+00:00,662.7999877929688,598.5700073242188,6713.75,24826
2025-09-19 18:45:00+00:00,662.7899780273438,598.4749755859375,6713.25,24821.75
2025-09-19 18:46:00+00:00,662.7299805,598.4099731445312,6713,24819
2025-09-19 18:47:00+00:00,662.6624755859375,598.2899780273438,6712.25,24814.25
2025-09-19 18:48:00+00:00,662.5900268554688,598.2650146484375,6711.5,24812.25
2025-09-19 18:49:00+00:00,662.6300048828125,598.2449951171875,6712.25,24811.75
2025-09-19 18:50:00+00:00,662.6099853515625,598.192627,6712,24810
2025-09-19 18:51:00+00:00,662.5599975585938,598.1699829101562,6711.5,24809.25
2025-09-19 18:52:00+00:00,662.5650024414062,598.1900024414062,6711.5,24810
2025-09-19 18:53:00+00:00,662.5703125,598.1799926757812,6711.5,24810.25
2025-09-19 18:54:00+00:00,662.6699829101562,598.2800293,6712.75,24814.25
2025-09-19 18:55:00+00:00,662.7550048828125,598.3200073242188,6713.5,24816.25
2025-09-19 18:56:00+00:00,662.7774047851562,598.3555908203125,6713.5,24817.25
2025-09-19 18:57:00+00:00,662.9050293,598.4943848,6715,24823.25
2025-09-19 18:58:00+00:00,663,598.5,6715.75,24824.5
2025-09-19 18:59:00+00:00,663.0900268554688,598.5449829101562,6717,24825.25
2025-09-19 19:00:00+00:00,663.1300048828125,598.5200195,6717.25,24824.75
2025-09-19 19:01:00+00:00,663.3449707,598.7150268554688,6719.25,24832.25
2025-09-19 19:02:00+00:00,663.25,598.6699829101562,6718.5,24830.75
2025-09-19 19:03:00+00:00,663.1550293,598.5300293,6717.5,24824.75
2025-09-19 19:04:00+00:00,663.1149902,598.5300293,6717,24824.75
2025-09-19 19:05:00+00:00,663.2399902,598.6199951171875,6718.25,24828.5
2025-09-19 19:06:00+00:00,663.2360229492188,598.6049805,6718.25,24827.75
2025-09-19 19:07:00+00:00,663.2415771484375,598.5838012695312,6718.25,24827.75
2025-09-19 19:08:00+00:00,663.2150268554688,598.6199951171875,6718,24828
2025-09-19 19:09:00+00:00,663.2800903320312,598.6500244140625,6718.75,24829.75
2025-09-19 19:10:00+00:00,663.3699951171875,598.7249755859375,6719.5,24833.25
2025-09-19 19:11:00+00:00,663.4299926757812,598.7249755859375,6720.25,24832.75
2025-09-19 19:12:00+00:00,663.3049926757812,598.6500244140625,6719,24829.75
2025-09-19 19:13:00+00:00,663.2800293,598.6661987304688,6718.75,24830.5
2025-09-19 19:14:00+00:00,663.3800048828125,598.7943725585938,6719.75,24836
2025-09-19 19:15:00+00:00,663.4450073242188,598.8599853515625,6720.5,24837.75
2025-09-19 19:16:00+00:00,663.5349731445312,598.8798828,6721.25,24838.5
2025-09-19 19:17:00+00:00,663.4249877929688,598.7219238,6720.25,24833
2025-09-19 19:18:00+00:00,663.4749755859375,598.7800293,6720.75,24835
2025-09-19 19:19:00+00:00,663.4650268554688,598.7600098,6720.75,24834
2025-09-19 19:20:00+00:00,663.4600219726562,598.7000122070312,6720.5,24831.5
2025-09-19 19:21:00+00:00,663.4199829101562,598.6400146484375,6720.25,24829
2025-09-19 19:22:00+00:00,663.3800048828125,598.6099853515625,6719.75,24828
2025-09-19 19:23:00+00:00,663.3900146484375,598.6400146484375,6720,24829.5
2025-09-19 19:24:00+00:00,663.3800048828125,598.6799926757812,6720,24831.75
2025-09-19 19:25:00+00:00,663.5797119140625,598.7999877929688,6722,24836.25
2025-09-19 19:26:00+00:00,663.7050170898438,598.8599853515625,6723.25,24839.5
2025-09-19 19:27:00+00:00,663.9400024414062,599.0798950195312,6725.5,24848
2025-09-19 19:28:00+00:00,663.9249877929688,599.1749877929688,6725.5,24852
2025-09-19 19:29:00+00:00,663.7999877929688,599.0200195,6724.25,24846.5
2025-09-19 19:30:00+00:00,663.6900024414062,598.9099731445312,6723.25,24842.25
2025-09-19 19:31:00+00:00,663.6099853515625,598.7999877929688,6722.5,24837.75
2025-09-19 19:32:00+00:00,663.7199707,598.8699951171875,6723.25,24840.75
2025-09-19 19:33:00+00:00,663.7600098,598.9801025390625,6723.75,24845.5
2025-09-19 19:34:00+00:00,663.6400146484375,598.9099731445312,6722.75,24843
2025-09-19 19:35:00+00:00,663.6799926757812,598.8900146484375,6723,24841.5
2025-09-19 19:36:00+00:00,663.5449829101562,598.8400268554688,6721.5,24840
2025-09-19 19:37:00+00:00,663.5700073242188,598.8300170898438,6722,24839
2025-09-19 19:38:00+00:00,663.6300048828125,598.9600219726562,6722.5,24845.5
2025-09-19 19:39:00+00:00,663.6450195,598.9799805,6722.5,24846.25
2025-09-19 19:40:00+00:00,663.5700073242188,598.8499755859375,6721.75,24840.75
2025-09-19 19:41:00+00:00,663.5200195,598.7700195,6721.5,24837.5
2025-09-19 19:42:00+00:00,663.5100098,598.7399902,6721.25,24836.75
2025-09-19 19:43:00+00:00,663.4849853515625,598.75,6721,24836.75
2025-09-19 19:44:00+00:00,663.4000244140625,598.7399902,6720,24836.5
2025-09-19 19:45:00+00:00,663.5877075195312,598.8287963867188,6722,24840
2025-09-19 19:46:00+00:00,663.7299805,598.9489135742188,6723.5,24843.5
2025-09-19 19:47:00+00:00,663.8850098,599.0250244140625,6725,24847
2025-09-19 19:48:00+00:00,663.7550048828125,598.9099731445312,6723.5,24842.25
2025-09-19 19:49:00+00:00,663.7899780273438,598.9500122070312,6723.75,24843.75
2025-09-19 19:50:00+00:00,664.1149902,599.5449829101562,6727.5,24867.5
2025-09-19 19:51:00+00:00,664.1699829101562,599.4650268554688,6727.25,24863.75
2025-09-19 19:52:00+00:00,663.9899902,599.2899780273438,6725.75,24855.75
2025-09-19 19:53:00+00:00,664.0449829101562,599.4600219726562,6726.25,24863.75
2025-09-19 19:54:00+00:00,664.3350219726562,599.7000122070312,6729,24872.75
2025-09-19 19:55:00+00:00,664.1749877929688,599.8300170898438,6727.5,24878.25
2025-09-19 19:56:00+00:00,664.0100098,599.6599731445312,6725.75,24870.75
2025-09-19 19:57:00+00:00,664.0800170898438,599.7999877929688,6726.5,24875.5
2025-09-19 19:58:00+00:00,664.1649780273438,600.0399780273438,6727.5,24885.5
2025-09-19 19:59:00+00:00,663.6199951171875,599.4600219726562,6721.75,24860.25
2025-09-22 13:30:00+00:00,662.4550170898438,598.0900268554688,6708.75,24828.5
2025-09-22 13:31:00+00:00,662.6149902,598.3950195,6710.25,24841
2025-09-22 13:33:00+00:00,662.5701293945312,598.5349731445312,6709.75,24847.25
2025-09-22 13:34:00+00:00,662.6500244140625,598.6124877929688,6710.5,24850
2025-09-22 13:35:00+00:00,662.5200805664062,598.3049926757812,6709,24838.75
2025-09-22 13:36:00+00:00,662.6749877929688,598.5250244140625,6710.75,24846.5
2025-09-22 13:37:00+00:00,662.6688842773438,598.75,6710.5,24855.5
2025-09-22 13:38:00+00:00,662.6300048828125,598.5,6710.25,24845.5
2025-09-22 13:39:00+00:00,662.4099731445312,598.25,6707.75,24834.25
2025-09-22 13:40:00+00:00,662.2999877929688,598.1149902,6706.75,24829.5
2025-09-22 13:41:00+00:00,662.4650268554688,598.1199951171875,6708.5,24829.25
2025-09-22 13:42:00+00:00,662.6074219,598.4799805,6709.5,24843.75
2025-09-22 13:43:00+00:00,662.4799805,598.4799805,6708.5,24844
2025-09-22 13:44:00+00:00,662.6149902,598.5700073242188,6709.75,24847.5
2025-09-22 13:45:00+00:00,662.5701293945312,598.4400024414062,6709.5,24841.75
2025-09-22 13:46:00+00:00,662.8099975585938,598.6900024414062,6711.5,24851.25
2025-09-22 13:47:00+00:00,662.8250122070312,598.6599731445312,6711.75,24851.25
2025-09-22 13:48:00+00:00,662.9550170898438,598.8599853515625,6713,24859
2025-09-22 13:49:00+00:00,662.8900146484375,598.7949829101562,6712.5,24857.5
2025-09-22 13:50:00+00:00,662.9050293,598.9299926757812,6712.75,24861.75
2025-09-22 13:51:00+00:00,663.0599975585938,598.9799805,6714.25,24864.25
2025-09-22 13:52:00+00:00,663.0999755859375,599.0599975585938,6714.5,24867
2025-09-22 13:53:00+00:00,663.2009887695312,599.0300293,6715.5,24865.5
2025-09-22 13:54:00+00:00,663.4550170898438,599.3049926757812,6718.25,24877
2025-09-22 13:55:00+00:00,663.3449707,599.0798950195312,6717.25,24869.25
2025-09-22 13:56:00+00:00,663.3649902,599.0706787109375,6717.25,24867.5
2025-09-22 13:57:00+00:00,663.2899780273438,598.8800048828125,6716.5,24860
2025-09-22 13:58:00+00:00,663.3800048828125,599.1199951171875,6717.5,24869.25
2025-09-22 13:59:00+00:00,663.4199829101562,599.1699829101562,6717.75,24872.25
2025-09-22 14:00:00+00:00,663.2199707,599.0750122070312,6716,24868.75
2025-09-22 14:01:00+00:00,663.4299926757812,599.2949829101562,6718.25,24877
2025-09-22 14:02:00+00:00,663.4500122070312,599.3549805,6718.25,24880
2025-09-22 14:03:00+00:00,663.5499877929688,599.4199829101562,6719.5,24882.25
2025-09-22 14:04:00+00:00,663.4749755859375,599.2199707,6718.5,24874.25
2025-09-22 14:05:00+00:00,663.4799805,599.2807006835938,6718.75,24875.75
2025-09-22 14:06:00+00:00,663.7100219726562,599.5,6721.25,24885.75
2025-09-22 14:07:00+00:00,663.7299805,599.4899902,6721.25,24885
2025-09-22 14:08:00+00:00,663.6156005859375,599.3400268554688,6720,24879
2025-09-22 14:09:00+00:00,663.6799926757812,599.3549805,6720.75,24879.5
2025-09-22 14:10:00+00:00,663.5999755859375,599.1199951171875,6720,24869.5
2025-09-22 14:11:00+00:00,663.4349975585938,598.8419799804688,6718.25,24859
2025-09-22 14:12:00+00:00,663.3507080078125,598.8549805,6717.25,24859.25
2025-09-22 14:13:00+00:00,663.3900146484375,598.9398803710938,6717.75,24862.25
2025-09-22 14:14:00+00:00,663.4400024414062,598.9600219726562,6718.25,24863.25
2025-09-22 14:15:00+00:00,663.4050293,598.9000244140625,6717.75,24860.5
2025-09-22 14:16:00+00:00,663.4699707,599.1599731445312,6718.5,24871.25
2025-09-22 14:17:00+00:00,663.5399780273438,599.2811279296875,6719.25,24876
2025-09-22 14:18:00+00:00,663.5300293,599.2800293,6719,24877.25
2025-09-22 14:19:00+00:00,663.4600830078125,599.1749877929688,6718.25,24873
2025-09-22 14:20:00+00:00,663.6599731445312,599.3701172,6720.5,24880.5
2025-09-22 14:21:00+00:00,663.7000122070312,599.5499877929688,6720.75,24886.5
2025-09-22 14:22:00+00:00,663.7199707,599.4949951171875,6721.25,24885.25
2025-09-22 14:23:00+00:00,663.7199707,599.5499267578125,6721.25,24887
2025-09-22 14:24:00+00:00,663.7011108398438,599.6099853515625,6721,24890.25
2025-09-22 14:25:00+00:00,663.6550903320312,599.5150146484375,6720.75,24886
2025-09-22 14:26:00+00:00,663.6900024414062,599.5800170898438,6720.75,24889
2025-09-22 14:27:00+00:00,663.875,599.6500244140625,6722.5,24892
2025-09-22 14:28:00+00:00,663.9401245117188,599.7310791015625,6723.5,24895.5
2025-09-22 14:29:00+00:00,664.0800170898438,599.9301147460938,6724.75,24903.5
2025-09-22 14:30:00+00:00,664.0850219726562,599.9099731445312,6724.75,24902.75
2025-09-22 14:31:00+00:00,663.9799805,599.6900024414062,6723.75,24894.25
2025-09-22 14:32:00+00:00,664.0499877929688,599.7150268554688,6724.25,24894.5
2025-09-22 14:33:00+00:00,664.0999145507812,599.7987060546875,6725,24898
2025-09-22 14:34:00+00:00,664.0999755859375,599.7750244140625,6725,24896.75
2025-09-22 14:35:00+00:00,664.1699829101562,599.8950195,6725.75,24901.25
2025-09-22 14:36:00+00:00,664.25,599.9349975585938,6726.5,24904.25
2025-09-22 14:37:00+00:00,664.1799926757812,599.8649902,6726,24901.5
2025-09-22 14:38:00+00:00,664.2299805,599.9149780273438,6726.25,24903.5
2025-09-22 14:39:00+00:00,664.2949829101562,600.0344238,6727,24908.25
2025-09-22 14:40:00+00:00,664.4650268554688,600.2050170898438,6728.75,24915.25
2025-09-22 14:41:00+00:00,664.375,600.125,6727.75,24912
2025-09-22 14:42:00+00:00,664.4400024414062,600.2399902,6728.5,24917.5
2025-09-22 14:43:00+00:00,664.5050048828125,600.2249755859375,6729,24916
2025-09-22 14:44:00+00:00,664.5349731445312,600.2700195,6729.5,24918
2025-09-22 14:45:00+00:00,664.5999755859375,600.3099975585938,6729.75,24920
2025-09-22 14:46:00+00:00,664.6199951171875,600.2301025390625,6730,24916.25
2025-09-22 14:47:00+00:00,664.75,600.3250122070312,6731.5,24921
2025-09-22 14:48:00+00:00,664.7849731445312,600.4099731445312,6732,24923.75
2025-09-22 14:49:00+00:00,664.6350098,600.2000122070312,6730.5,24915
2025-09-22 14:50:00+00:00,664.7800293,600.3850098,6731.75,24923.25
2025-09-22 14:51:00+00:00,665.0001220703125,600.5419922,6733.75,24929.5
2025-09-22 14:52:00+00:00,664.9199829101562,600.3049926757812,6733,24920
2025-09-22 14:53:00+00:00,664.9749755859375,600.3549805,6733.75,24922
2025-09-22 14:54:00+00:00,664.8599853515625,600.2999877929688,6732.5,24919.75
2025-09-22 14:55:00+00:00,664.9249877929688,600.3900146484375,6733.25,24923.5
2025-09-22 14:56:00+00:00,664.8900146484375,600.3400268554688,6733,24921.5
2025-09-22 14:57:00+00:00,665.0300293,600.4699707,6734.25,24926.75
2025-09-22 14:58:00+00:00,665.0650024414062,600.4799805,6734.75,24927.75
2025-09-22 14:59:00+00:00,665.0200195,600.4699707,6734.25,24926.75
2025-09-22 15:00:00+00:00,665.0999755859375,600.5599975585938,6735.25,24931
2025-09-22 15:01:00+00:00,665.2700195,600.7100219726562,6737,24937
2025-09-22 15:02:00+00:00,665.0499877929688,600.4299926757812,6734.5,24925.25
2025-09-22 15:03:00+00:00,665.0100098,600.4199829101562,6734.25,24924.75
2025-09-22 15:04:00+00:00,664.9199829101562,600.2700195,6733.25,24918.75
2025-09-22 15:05:00+00:00,664.8599853515625,600.25,6732.75,24918
2025-09-22 15:06:00+00:00,664.875,600.1749877929688,6732.75,24915
2025-09-22 15:07:00+00:00,664.9600219726562,600.2498779296875,6733.5,24918.5
2025-09-22 15:08:00+00:00,665.0250244140625,600.3200073242188,6734.25,24921.25
2025-09-22 15:09:00+00:00,665.0499877929688,600.3400268554688,6734.5,24922.5
2025-09-22 15:10:00+00:00,665.0800170898438,600.3649902,6734.75,24923
2025-09-22 15:11:00+00:00,664.8300170898438,600.1400146484375,6732.25,24913.25
2025-09-22 15:12:00+00:00,664.8099975585938,600.0700073242188,6732.25,24910
2025-09-22 15:13:00+00:00,664.9099731445312,600.1400146484375,6733,24913.25
2025-09-22 15:14:00+00:00,664.8200073242188,600.0499877929688,6732,24909.75
2025-09-22 15:15:00+00:00,664.8400268554688,600.1199951171875,6732.5,24913
2025-09-22 15:16:00+00:00,664.8200073242188,600.0949707,6732,24911.25
2025-09-22 15:17:00+00:00,664.7349853515625,600,6731.25,24907.75
2025-09-22 15:18:00+00:00,664.75,599.9500122070312,6731.5,24905.5
2025-09-22 15:19:00+00:00,664.8400879,599.9899902,6732.25,24907.25
2025-09-22 15:20:00+00:00,664.9650268554688,600.0549926757812,6733.5,24909.75
2025-09-22 15:21:00+00:00,665.0347900390625,600.0798950195312,6734.5,24910.5
2025-09-22 15:22:00+00:00,665.0300293,600.1649780273438,6734.25,24914
2025-09-22 15:23:00+00:00,664.9550170898438,600.2399902,6733.5,24916.5
2025-09-22 15:24:00+00:00,664.9511108398438,600.25,6733.5,24917.75
2025-09-22 15:25:00+00:00,664.8555908203125,600.1655883789062,6732.5,24913.5
2025-09-22 15:26:00+00:00,664.9199829101562,600.2949829101562,6733.25,24919.75
2025-09-22 15:27:00+00:00,664.9199829101562,600.2700195,6733,24918.5
2025-09-22 15:28:00+00:00,664.9849853515625,600.3599853515625,6733.75,24922.25
2025-09-22 15:29:00+00:00,664.9400024414062,600.3200073242188,6733.25,24920.25
2025-09-22 15:30:00+00:00,664.9199829101562,600.3699951171875,6733.25,24922.5
2025-09-22 15:31:00+00:00,665,600.3900146484375,6733.75,24923.25
2025-09-22 15:32:00+00:00,664.9600219726562,600.3099975585938,6733.75,24920
2025-09-22 15:33:00+00:00,664.9299926757812,600.1900024414062,6733,24915.25
2025-09-22 15:34:00+00:00,664.6799926757812,599.8850098,6730.75,24902.25
2025-09-22 15:35:00+00:00,664.7199707,599.9699707,6731,24905.5
2025-09-22 15:36:00+00:00,664.6199951171875,599.8300170898438,6730,24900
2025-09-22 15:37:00+00:00,664.7000122070312,599.9699707,6731,24905.5
2025-09-22 15:38:00+00:00,664.8300170898438,600.1649780273438,6732.25,24913.75
2025-09-22 15:39:00+00:00,664.7800293,600.1057129,6731.5,24910.75
2025-09-22 15:40:00+00:00,664.6599731445312,600.0200195,6730.5,24907
2025-09-22 15:41:00+00:00,664.75,600.1043701171875,6731.25,24911.5
2025-09-22 15:42:00+00:00,664.7100219726562,600.0750122070312,6731,24910
2025-09-22 15:43:00+00:00,664.7000122070312,600.0700073242188,6730.75,24909
2025-09-22 15:44:00+00:00,664.6749877929688,600.0200195,6730.5,24907.25
2025-09-22 15:45:00+00:00,664.7249755859375,600.1500244140625,6731,24912.75
2025-09-22 15:46:00+00:00,664.6699829101562,600.1300048828125,6730.5,24911.75
2025-09-22 15:47:00+00:00,664.6500244140625,600.1500244140625,6730,24913
2025-09-22 15:48:00+00:00,664.6149902,600.1099853515625,6730,24910.75
2025-09-22 15:49:00+00:00,664.6199951171875,600.1699829101562,6730,24913.25
2025-09-22 15:50:00+00:00,664.6350098,600.1400146484375,6730,24912.5
2025-09-22 15:51:00+00:00,664.5800170898438,600.1400146484375,6729.5,24912.5
2025-09-22 15:52:00+00:00,664.5499877929688,600.1400146484375,6729.25,24912.5
2025-09-22 15:53:00+00:00,664.5999755859375,600.2399291992188,6730,24916.25
2025-09-22 15:54:00+00:00,664.5900268554688,600.1900024414062,6729.75,24914.5
2025-09-22 15:55:00+00:00,664.5100098,600.0900268554688,6729,24910.25
2025-09-22 15:56:00+00:00,664.5399169921875,600.0900268554688,6729.25,24910
2025-09-22 15:57:00+00:00,664.5999755859375,600.1400146484375,6729.5,24912.5
2025-09-22 15:58:00+00:00,664.5349731445312,600.1199951171875,6729,24911.25
2025-09-22 15:59:00+00:00,664.5900268554688,600.1400146484375,6729.75,24911.25
2025-09-22 16:00:00+00:00,664.7299194335938,600.3099975585938,6731,24919
2025-09-22 16:01:00+00:00,664.7800293,600.375,6731.5,24922.5
2025-09-22 16:02:00+00:00,664.6400146484375,600.2000122070312,6730,24915
2025-09-22 16:03:00+00:00,664.7700195,600.3699951171875,6731.25,24921.75
2025-09-22 16:04:00+00:00,664.8099975585938,600.3300170898438,6732,24920.25
2025-09-22 16:05:00+00:00,664.7550048828125,600.2700195,6731,24917.75
2025-09-22 16:06:00+00:00,664.9699707,600.5449829101562,6733.5,24928.25
2025-09-22 16:07:00+00:00,664.9699707,600.5200195,6733.25,24927.5
2025-09-22 16:08:00+00:00,665.0499877929688,600.6400146484375,6734.25,24932.75
2025-09-22 16:09:00+00:00,665.1099853515625,600.7700195,6735,24937.5
2025-09-22 16:10:00+00:00,665.2299805,600.8900146484375,6736.25,24943.25
2025-09-22 16:11:00+00:00,665.2849731445312,601.0429077148438,6736.75,24949.25
2025-09-22 16:12:00+00:00,665.2849731445312,601.0300293,6736.75,24949.25
2025-09-22 16:13:00+00:00,665.3049926757812,601.0250854492188,6737,24949.5
2025-09-22 16:14:00+00:00,665.3300170898438,601.1499023,6737.25,24954.5
2025-09-22 16:15:00+00:00,665.3549805,601.2399902,6737.5,24958.25
2025-09-22 16:16:00+00:00,665.3300170898438,601.2100219726562,6737.25,24956.75
2025-09-22 16:17:00+00:00,665.4849853515625,601.2750244140625,6738.75,24960.25
2025-09-22 16:18:00+00:00,665.5399780273438,601.3800048828125,6739.5,24964.25
2025-09-22 16:19:00+00:00,665.3699951171875,601.1149902,6738,24954.5
2025-09-22 16:20:00+00:00,665.5349731445312,601.2700195,6739.5,24959.5
2025-09-22 16:21:00+00:00,665.6049805,601.4600219726562,6740.25,24968.25
2025-09-22 16:22:00+00:00,665.6400146484375,601.4799805,6740.5,24968.75
2025-09-22 16:23:00+00:00,665.4199829101562,601.1450195,6738.25,24955.25
2025-09-22 16:24:00+00:00,665.5700073242188,601.2600098,6740,24959.25
2025-09-22 16:25:00+00:00,665.6099853515625,601.1950073242188,6740.25,24959
2025-09-22 16:26:00+00:00,665.6599731445312,601.3599853515625,6741,24964.5
2025-09-22 16:27:00+00:00,665.7750244140625,601.4600219726562,6742,24967.75
2025-09-22 16:28:00+00:00,665.8449707,601.5050048828125,6742.75,24970.75
2025-09-22 16:29:00+00:00,665.8449707,601.5650024414062,6742.75,24972.75
2025-09-22 16:30:00+00:00,665.8900146484375,601.6749877929688,6743.25,24977.5
2025-09-22 16:31:00+00:00,665.9050293,601.6950073242188,6743.25,24978.25
2025-09-22 16:32:00+00:00,665.8200073242188,601.6699829101562,6742.25,24976.75
2025-09-22 16:33:00+00:00,665.8900146484375,601.6500244140625,6743.25,24976.5
2025-09-22 16:34:00+00:00,666.0250244140625,601.8499755859375,6744.5,24984.5
2025-09-22 16:35:00+00:00,665.9249877929688,601.6799926757812,6743.25,24977.5
2025-09-22 16:36:00+00:00,665.9699707,601.8099975585938,6744,24983
2025-09-22 16:37:00+00:00,666.0549926757812,601.8499755859375,6744.5,24984.5
2025-09-22 16:38:00+00:00,666.0549926757812,601.8099975585938,6744.75,24982.75
2025-09-22 16:39:00+00:00,666.1849975585938,601.8599853515625,6746,24985.25
2025-09-22 16:40:00+00:00,666.1599731445312,601.9400024414062,6745.75,24988.75
2025-09-22 16:41:00+00:00,666.1149902,601.9299926757812,6745.25,24988
2025-09-22 16:42:00+00:00,666.1350098,601.8900146484375,6745.5,24985.75
2025-09-22 16:43:00+00:00,666.1799926757812,601.8900146484375,6745.75,24986
2025-09-22 16:44:00+00:00,666.1199951171875,601.7600098,6745.25,24981.75
2025-09-22 16:45:00+00:00,666.1099853515625,601.7600098,6745.25,24981.25
2025-09-22 16:46:00+00:00,666.1199951171875,601.7199707,6745,24978.5
2025-09-22 16:47:00+00:00,666.0900268554688,601.6799926757812,6744.75,24977.5
2025-09-22 16:48:00+00:00,666.2199707,601.7199707,6746,24979.75
2025-09-22 16:49:00+00:00,666.1900024414062,601.7399902,6745.75,24979.5
2025-09-22 16:50:00+00:00,666.3449707,601.9600219726562,6747.5,24989.75
2025-09-22 16:51:00+00:00,666.3300170898438,601.9299926757812,6747.25,24988
2025-09-22 16:52:00+00:00,666.3099975585938,601.9600219726562,6747.25,24989.25
2025-09-22 16:53:00+00:00,666.3599853515625,601.9500122070312,6747.75,24989.75
2025-09-22 16:54:00+00:00,666.3599853515625,601.9600219726562,6747.75,24989
2025-09-22 16:55:00+00:00,666.3649902,601.9349975585938,6747.75,24986.75
2025-09-22 16:56:00+00:00,666.4199829101562,601.9699707,6748.25,24989.5
2025-09-22 16:57:00+00:00,666.4099731445312,601.9600219726562,6748.25,24989.25
2025-09-22 16:58:00+00:00,666.4149780273438,601.9500122070312,6748.25,24988.75
2025-09-22 16:59:00+00:00,666.4099731445312,601.8900146484375,6748.25,24986.75
2025-09-22 17:00:00+00:00,666.5200195,602.0217285,6749,24992.25
2025-09-22 17:01:00+00:00,666.4450073242188,601.9099731445312,6748.25,24987.5
2025-09-22 17:02:00+00:00,666.3400268554688,601.8300170898438,6747.5,24983.75
2025-09-22 17:03:00+00:00,666.4149780273438,601.9899902,6748,24990
2025-09-22 17:04:00+00:00,666.4699707,602.0355834960938,6748.75,24992.5
2025-09-22 17:05:00+00:00,666.4320068359375,602.0150146484375,6748.25,24991
2025-09-22 17:06:00+00:00,666.3800048828125,601.9199829101562,6748,24988.25
2025-09-22 17:07:00+00:00,666.3049926757812,601.8800048828125,6747,24986
2025-09-22 17:08:00+00:00,666.2700195,601.8699951171875,6746.75,24985
2025-09-22 17:09:00+00:00,666.3449707,601.9550170898438,6747.75,24989
2025-09-22 17:10:00+00:00,666.3350219726562,601.9199829101562,6747.5,24987.75
2025-09-22 17:11:00+00:00,666.3499755859375,601.9450073242188,6747.5,24988.25
2025-09-22 17:12:00+00:00,666.3449707,601.9550170898438,6747.5,24989.25
2025-09-22 17:13:00+00:00,666.265625,601.7946777,6746.75,24982.75
2025-09-22 17:14:00+00:00,666.2100219726562,601.7199707,6746.25,24980.25
2025-09-22 17:15:00+00:00,666.1599731445312,601.6300048828125,6746,24976.25
2025-09-22 17:16:00+00:00,666.25,601.6699829101562,6746.5,24978
2025-09-22 17:17:00+00:00,666.3499755859375,601.8599853515625,6747.75,24985.75
2025-09-22 17:18:00+00:00,666.2899780273438,601.7349853515625,6747.25,24981
2025-09-22 17:19:00+00:00,666.1500244140625,601.6199951171875,6745.75,24976
2025-09-22 17:20:00+00:00,666.2100219726562,601.6956176757812,6746.25,24979.25
2025-09-22 17:21:00+00:00,666.3400268554688,601.8499755859375,6747.75,24985.5
2025-09-22 17:22:00+00:00,666.4349975585938,601.9650268554688,6748.5,24990
2025-09-22 17:23:00+00:00,666.4299926757812,601.9201049804688,6748.25,24987.75
2025-09-22 17:24:00+00:00,666.4000244140625,601.8800048828125,6748.25,24986.75
2025-09-22 17:25:00+00:00,666.4180297851562,601.9307250976562,6748.5,24988.5
2025-09-22 17:26:00+00:00,666.4600219726562,601.9799805,6748.75,24990.5
2025-09-22 17:27:00+00:00,666.4400024414062,601.9450073242188,6748.5,24988.75
2025-09-22 17:28:00+00:00,666.4550170898438,601.9099731445312,6748.75,24987.5
2025-09-22 17:29:00+00:00,666.5100098,601.9349975585938,6749.25,24988.5
2025-09-22 17:30:00+00:00,666.5399780273438,601.8800048828125,6749.75,24986.75
2025-09-22 17:31:00+00:00,666.5750122070312,601.9201049804688,6749.75,24987.75
2025-09-22 17:32:00+00:00,666.6300048828125,602.0200195,6750.75,24992
2025-09-22 17:33:00+00:00,666.4356079101562,601.7943725585938,6748.75,24982.75
2025-09-22 17:34:00+00:00,666.3699951171875,601.7650146484375,6747.75,24981.5
2025-09-22 17:35:00+00:00,666.3049926757812,601.7100219726562,6747.25,24979
2025-09-22 17:36:00+00:00,666.3599853515625,601.7299805,6748,24980
2025-09-22 17:37:00+00:00,666.5388184,601.9547119140625,6749.75,24989.5
2025-09-22 17:38:00+00:00,666.5499877929688,601.9450073242188,6749.75,24989.25
2025-09-22 17:39:00+00:00,666.5900268554688,601.9500122070312,6750.25,24989.25
2025-09-22 17:40:00+00:00,666.4899902,601.8300170898438,6749.25,24984.5
2025-09-22 17:41:00+00:00,666.5399780273438,601.8800048828125,6749.75,24987
2025-09-22 17:42:00+00:00,666.6149902,602.0090942382812,6750.5,24991.75
2025-09-22 17:43:00+00:00,666.6149902,601.9598999023438,6750.5,24989.75
2025-09-22 17:44:00+00:00,666.7000122070312,602.0949707,6751.5,24996
2025-09-22 17:45:00+00:00,666.6900024414062,602.0900268554688,6751.25,24995.5
2025-09-22 17:46:00+00:00,666.6099853515625,602,6750.25,24992.25
2025-09-22 17:47:00+00:00,666.6500244140625,602.0700073242188,6750.75,24994.5
2025-09-22 17:48:00+00:00,666.7399902,602.1799926757812,6751.75,24999
2025-09-22 17:49:00+00:00,666.6799926757812,602.1019287109375,6750.75,24996
2025-09-22 17:50:00+00:00,666.6149902,602.1099853515625,6750.5,24996.25
2025-09-22 17:51:00+00:00,666.6400146484375,602.1900024414062,6750.75,24999.25
2025-09-22 17:52:00+00:00,666.5455932617188,602.0900268554688,6749.75,24996
2025-09-22 17:53:00+00:00,666.5100098,602.0599975585938,6749,24994.5
2025-09-22 17:54:00+00:00,666.4650268554688,602.0048217773438,6748.75,24992
2025-09-22 17:55:00+00:00,666.4749755859375,601.9949951171875,6748.75,24992
2025-09-22 17:56:00+00:00,666.4401245117188,601.9799805,6748.5,24990.25
2025-09-22 17:57:00+00:00,666.3699951171875,601.8416748046875,6747.75,24984.75
2025-09-22 17:59:00+00:00,666.3549805,601.9400024414062,6747.5,24988.75
2025-09-22 18:00:00+00:00,666.4249877929688,601.9520263671875,6748.5,24990
2025-09-22 18:01:00+00:00,666.3850098,601.9899902,6748.25,24991.5
2025-09-22 18:02:00+00:00,666.3449707,601.9099731445312,6747.75,24987.75
2025-09-22 18:05:00+00:00,666.2800293,602.0949707,6747,24995.5
2025-09-22 18:06:00+00:00,666.1500244140625,602.0150146484375,6745.5,24992.75
2025-09-22 18:07:00+00:00,666.0700073242188,601.9600219726562,6745,24990.5
2025-09-22 18:08:00+00:00,666.0800170898438,602.0200195,6745,24993
2025-09-22 18:09:00+00:00,666.1749877929688,602.0900268554688,6746,24994.75
2025-09-22 18:10:00+00:00,666.2249755859375,602.0900268554688,6746.25,24995.75
2025-09-22 18:11:00+00:00,666.2800293,602.1500244140625,6747,24998.25
2025-09-22 18:12:00+00:00,666.3400268554688,602.2197875976562,6747.5,25002
2025-09-22 18:14:00+00:00,666.4099731445312,602.2299805,6748.25,25000.75
2025-09-22 18:15:00+00:00,666.3900146484375,602.2050170898438,6747.75,25000.25
2025-09-22 18:16:00+00:00,666.5150146484375,602.3549805,6749,25006.5
2025-09-22 18:17:00+00:00,666.5850219726562,602.5,6750,25012.25
2025-09-22 18:18:00+00:00,666.5599975585938,602.4050293,6749.5,25009
2025-09-22 18:19:00+00:00,666.5200195,602.3699951171875,6749.25,25007.25
2025-09-22 18:20:00+00:00,666.5089721679688,602.4050293,6749,25009
2025-09-22 18:21:00+00:00,666.4849853515625,602.375,6749,25007.25
2025-09-22 18:22:00+00:00,666.4550170898438,602.25,6748.75,25002.25
2025-09-22 18:23:00+00:00,666.5250244140625,602.2100219726562,6749.5,25001
2025-09-22 18:24:00+00:00,666.5300293,602.2349853515625,6749.75,25002.5
2025-09-22 18:25:00+00:00,666.5050048828125,602.2399902,6749.25,25002
2025-09-22 18:26:00+00:00,666.5999755859375,602.3992919921875,6750.25,25008.25
2025-09-22 18:27:00+00:00,666.5499877929688,602.3850098,6749.75,25008.25
2025-09-22 18:28:00+00:00,666.5800170898438,602.4050293,6750,25008.75
2025-09-22 18:29:00+00:00,666.5650024414062,602.4199829101562,6750,25008.25
2025-09-22 18:30:00+00:00,666.6199951171875,602.4600219726562,6750.25,25011.75
2025-09-22 18:31:00+00:00,666.6199951171875,602.4899902,6750.5,25011.75
2025-09-22 18:32:00+00:00,666.5911865234375,602.5300293,6750,25013.5
2025-09-22 18:33:00+00:00,666.5250244140625,602.4249877929688,6749.5,25009.5
2025-09-22 18:34:00+00:00,666.5549926757812,602.4299926757812,6749.75,25009.75
2025-09-22 18:35:00+00:00,666.6550293,602.4550170898438,6750.75,25011
2025-09-22 18:36:00+00:00,666.6649780273438,602.4299926757812,6751,25009.5
2025-09-22 18:37:00+00:00,666.7600098,602.5700073242188,6752,25015.25
2025-09-22 18:38:00+00:00,666.7449951171875,602.5399780273438,6751.5,25014
2025-09-22 18:39:00+00:00,666.7650146484375,602.5599975585938,6752,25015.25
2025-09-22 18:40:00+00:00,666.7114258,602.5299072265625,6751.5,25013.25
2025-09-22 18:41:00+00:00,666.6599731445312,602.4268188476562,6751,25009.75
2025-09-22 18:42:00+00:00,666.7899780273438,602.5300293,6752.25,25014
2025-09-22 18:43:00+00:00,666.6649780273438,602.4299926757812,6751,25010
2025-09-22 18:44:00+00:00,666.7199707,602.4700927734375,6751.75,25012
2025-09-22 18:45:00+00:00,666.7000122070312,602.5,6751.25,25012.75
2025-09-22 18:46:00+00:00,666.7199707,602.5999755859375,6751.5,25016
2025-09-22 18:47:00+00:00,666.7399902,602.5949707,6751.75,25016.5
2025-09-22 18:48:00+00:00,666.7100219726562,602.6099853515625,6751.5,25017
2025-09-22 18:49:00+00:00,666.6420288085938,602.4400024414062,6750.5,25009.75
2025-09-22 18:50:00+00:00,666.6450195,602.4199829101562,6750.75,25009
2025-09-22 18:51:00+00:00,666.7449951171875,602.5150146484375,6751.75,25012.75
2025-09-22 18:52:00+00:00,666.6799926757812,602.4199829101562,6751.25,25009.25
2025-09-22 18:53:00+00:00,666.6599731445312,602.3800048828125,6751,25007.5
2025-09-22 18:54:00+00:00,666.6400146484375,602.3300781,6750.5,25006
2025-09-22 18:55:00+00:00,666.6500244140625,602.2949829101562,6750.75,25004.25
2025-09-22 18:56:00+00:00,666.7249755859375,602.4099731445312,6751.75,25008.75
2025-09-22 18:57:00+00:00,666.7750244140625,602.5250244140625,6752,25012.5
2025-09-22 18:58:00+00:00,666.7349853515625,602.4400024414062,6751.5,25009.75
2025-09-22 18:59:00+00:00,666.7750244140625,602.5,6752.25,25012.75
2025-09-22 19:00:00+00:00,666.869873,602.5499877929688,6752.75,25014.25
2025-09-22 19:01:00+00:00,666.7919922,602.4801025390625,6752.25,25011.25
2025-09-22 19:02:00+00:00,666.8690185546875,602.4697266,6753,25010.75
2025-09-22 19:03:00+00:00,666.8549805,602.4299926757812,6753,25009
2025-09-22 19:04:00+00:00,666.8599853515625,602.4699707,6752.75,25010.25
2025-09-22 19:05:00+00:00,666.8200073242188,602.4799805,6752.25,25010.75
2025-09-22 19:06:00+00:00,666.8499755859375,602.4699707,6752.75,25010.75
2025-09-22 19:07:00+00:00,666.8900146484375,602.4899902,6753.25,25011
2025-09-22 19:08:00+00:00,666.9119873046875,602.5507202148438,6753.5,25013.75
2025-09-22 19:09:00+00:00,666.9450073242188,602.5800170898438,6753.75,25015
2025-09-22 19:10:00+00:00,667.0150146484375,602.5949707,6754.5,25015.25
2025-09-22 19:11:00+00:00,667.1199951171875,602.6849975585938,6755.5,25019
2025-09-22 19:12:00+00:00,667.1099853515625,602.6049805,6755.25,25016.25
2025-09-22 19:13:00+00:00,667.1149902,602.6751098632812,6755.5,25018.75
2025-09-22 19:14:00+00:00,667.1199951171875,602.7650146484375,6755.5,25022.75
2025-09-22 19:15:00+00:00,667.2000122070312,602.8018188476562,6756.25,25024.5
2025-09-22 19:16:00+00:00,666.9799805,602.5399780273438,6754,25013.75
2025-09-22 19:17:00+00:00,667.0499877929688,602.5750122070312,6754.75,25014.75
2025-09-22 19:18:00+00:00,667.0800170898438,602.6300048828125,6755.25,25017
2025-09-22 19:19:00+00:00,667.0698852539062,602.6400146484375,6755,25017.25
2025-09-22 19:20:00+00:00,667.0100098,602.5999755859375,6754,25015.75
2025-09-22 19:21:00+00:00,667.1049805,602.6951293945312,6755,25019.5
2025-09-22 19:22:00+00:00,667.0949707,602.6312255859375,6755,25017.5
2025-09-22 19:23:00+00:00,667.0349731445312,602.5650024414062,6754.75,25014.5
2025-09-22 19:24:00+00:00,667.0949707,602.6199951171875,6755,25016.75
2025-09-22 19:25:00+00:00,667.1300048828125,602.6149902,6755.5,25016.5
2025-09-22 19:26:00+00:00,667.2100219726562,602.6500244140625,6756.25,25017.75
2025-09-22 19:27:00+00:00,667.0949707,602.5300293,6755.25,25012.5
2025-09-22 19:28:00+00:00,667.1099853515625,602.5800781,6755.25,25014.5
2025-09-22 19:29:00+00:00,667.1420288085938,602.6350098,6755.75,25017.25
2025-09-22 19:30:00+00:00,667.1400146484375,602.6199951171875,6755.75,25016.5
2025-09-22 19:31:00+00:00,667.2150268554688,602.6500244140625,6756.5,25018
2025-09-22 19:32:00+00:00,667.2299805,602.6649780273438,6756.5,25019
2025-09-22 19:33:00+00:00,667.1500244140625,602.5050048828125,6756,25012.25
2025-09-22 19:34:00+00:00,667.0399780273438,602.4899902,6754.75,25011
2025-09-22 19:35:00+00:00,666.9799805,602.4400024414062,6754.25,25008.75
2025-09-22 19:36:00+00:00,666.9600219726562,602.3250122070312,6753.75,25004
2025-09-22 19:37:00+00:00,666.8800048828125,602.2299805,6753.25,24999.75
2025-09-22 19:38:00+00:00,666.8549805,602.1649780273438,6753,24997.25
2025-09-22 19:39:00+00:00,667,602.1655883789062,6754.25,24997.5
2025-09-22 19:40:00+00:00,666.8950195,602.1600952148438,6753.25,24997
2025-09-22 19:41:00+00:00,666.8499755859375,602.0900268554688,6752.75,24994.25
2025-09-22 19:42:00+00:00,666.7800293,602.0200195,6752,24991
2025-09-22 19:43:00+00:00,666.8350219726562,602.0449829101562,6752.5,24992
2025-09-22 19:44:00+00:00,666.8449707,602.0650024414062,6752.5,24992.75
2025-09-22 19:45:00+00:00,666.9249877929688,602.1900024414062,6753,24997.5
2025-09-22 19:46:00+00:00,666.9249877929688,602.1749877929688,6753,24997.25
2025-09-22 19:47:00+00:00,666.9299926757812,602.1649780273438,6753,24996.5
2025-09-22 19:48:00+00:00,666.9899902,602.1699829101562,6753.5,24997
2025-09-22 19:49:00+00:00,667.1101074,602.3408813476562,6755.25,25004.5
2025-09-22 19:50:00+00:00,667.1550293,602.4099731445312,6755.25,25006.25
2025-09-22 19:51:00+00:00,667.2449951171875,602.3917236328125,6756.5,25006
2025-09-22 19:52:00+00:00,667.0401000976562,602.1199951171875,6754.5,24995.5
2025-09-22 19:53:00+00:00,667.0499877929688,602.1450195,6754.25,24996
2025-09-22 19:54:00+00:00,667.0700073242188,602.2600098,6754.5,24999.75
2025-09-22 19:55:00+00:00,667.1649780273438,602.3800048828125,6755.5,25005.25
2025-09-22 19:56:00+00:00,667.1400756835938,602.4249877929688,6755.5,25006.75
2025-09-22 19:57:00+00:00,667.2249755859375,602.6099853515625,6756.25,25014.5
2025-09-22 19:58:00+00:00,666.9199829101562,602.3599853515625,6753,25004.25
2025-09-22 19:59:00+00:00,666.7800293,602.2399902,6751.75,24999
2025-09-23 13:30:00+00:00,666.7600098,602.2102051,6750.5,24995
2025-09-23 13:31:00+00:00,666.8699951171875,602.1400146484375,6751.5,24993.25
2025-09-23 13:32:00+00:00,666.8599853515625,602.2700195,6751.5,24997.25
2025-09-23 13:33:00+00:00,666.9799805,602.3300170898438,6752.75,24999.5
2025-09-23 13:34:00+00:00,667.0449829101562,602.1199951171875,6753.5,24992.25
2025-09-23 13:35:00+00:00,666.9799805,601.9201049804688,6752.5,24983.25
2025-09-23 13:36:00+00:00,666.9956055,601.8599853515625,6752.75,24979.75
2025-09-23 13:37:00+00:00,666.9613037109375,601.6450195,6752.5,24971.25
2025-09-23 13:38:00+00:00,667.2100219726562,602.0599975585938,6755,24987.5
2025-09-23 13:39:00+00:00,667.0800170898438,601.8419799804688,6753.75,24979.5
2025-09-23 13:40:00+00:00,666.8300170898438,601.4799805,6751,24963.75
2025-09-23 13:41:00+00:00,666.7800293,601.1199951171875,6750.5,24949.5
2025-09-23 13:42:00+00:00,666.8400268554688,601.1400146484375,6751.25,24949.25
2025-09-23 13:43:00+00:00,666.6400146484375,601.0999755859375,6749.5,24948.75
2025-09-23 13:44:00+00:00,666.8991699,601.2199707,6751.5,24954.5
2025-09-23 13:45:00+00:00,666.7750244140625,601.1450195,6750.5,24951
2025-09-23 13:46:00+00:00,666.9699707,601.2800293,6752.5,24956.5
2025-09-23 13:47:00+00:00,667,601.2249755859375,6753,24954.25
2025-09-23 13:48:00+00:00,667.1199951171875,601.4990234,6754,24966.5
2025-09-23 13:49:00+00:00,666.9899902,601.25,6752.75,24954.25
2025-09-23 13:50:00+00:00,666.9899902,601.3250122070312,6752.75,24957.75
2025-09-23 13:51:00+00:00,667.0300293,601.3400268554688,6753.25,24959.25
2025-09-23 13:52:00+00:00,667.2050170898438,601.5100098,6755,24966.25
2025-09-23 13:53:00+00:00,667.1500244140625,601.4000244140625,6754.75,24962.25
2025-09-23 13:54:00+00:00,667.0100098,601.0798950195312,6753,24948.25
2025-09-23 13:55:00+00:00,666.9400024414062,600.9819946289062,6752.25,24944.5
2025-09-23 13:56:00+00:00,666.9000244140625,600.9899902,6752,24944.75
2025-09-23 13:57:00+00:00,666.9199829101562,600.9421997070312,6752.25,24943.5
2025-09-23 13:58:00+00:00,666.8800048828125,600.9099731445312,6751.75,24941.75
2025-09-23 13:59:00+00:00,666.8900146484375,600.8699951171875,6751.75,24940
2025-09-23 14:00:00+00:00,666.7700195,600.6900024414062,6750.75,24933
2025-09-23 14:01:00+00:00,666.9099121,600.9301147460938,6752,24943.25
2025-09-23 14:02:00+00:00,666.7700195,600.8499755859375,6750.5,24939.25
2025-09-23 14:03:00+00:00,666.5100098,600.7700195,6748,24935.75
2025-09-23 14:04:00+00:00,666.6799926757812,600.875,6749.5,24940.75
2025-09-23 14:05:00+00:00,666.9400024414062,601.2249755859375,6752.25,24954.75
2025-09-23 14:06:00+00:00,666.8950195,601.2000122070312,6751.75,24953.75
2025-09-23 14:07:00+00:00,666.7800293,600.9749755859375,6750.75,24944
2025-09-23 14:08:00+00:00,666.8599853515625,600.9799805,6751.5,24945
2025-09-23 14:09:00+00:00,667.0549926757812,601.1649780273438,6753.5,24953
2025-09-23 14:10:00+00:00,667.1950073242188,601.2600098,6755,24956.5
2025-09-23 14:11:00+00:00,667.0100098,601.0050048828125,6753.25,24945.5
2025-09-23 14:12:00+00:00,666.9600219726562,600.9998779296875,6752.5,24945.25
2025-09-23 14:13:00+00:00,667.0449829101562,601.2650146484375,6753.5,24956.75
2025-09-23 14:14:00+00:00,667.0599975585938,601.2999877929688,6753.5,24958
2025-09-23 14:15:00+00:00,666.8499755859375,601.0449829101562,6751.5,24947.25
2025-09-23 14:16:00+00:00,666.9000244140625,601.1500244140625,6751.75,24952.25
2025-09-23 14:17:00+00:00,666.8900146484375,601.1799926757812,6751.75,24953.75
2025-09-23 14:18:00+00:00,666.8400268554688,601.2600098,6751.25,24955.5
2025-09-23 14:19:00+00:00,666.8800048828125,601.2999877929688,6751.75,24957.75
2025-09-23 14:20:00+00:00,666.7600098,601.1649780273438,6750.25,24951.75
2025-09-23 14:21:00+00:00,666.6599731445312,601.0850219726562,6749.25,24949.5
2025-09-23 14:22:00+00:00,666.6500244140625,601.0050048828125,6749.25,24946
2025-09-23 14:23:00+00:00,666.6599731445312,601.0100098,6749.5,24946.25
2025-09-23 14:24:00+00:00,666.4600219726562,600.7849731445312,6747.5,24936.25
2025-09-23 14:25:00+00:00,666.5250244140625,600.9600219726562,6748,24944
2025-09-23 14:26:00+00:00,666.5100098,600.9700927734375,6748,24943.25
2025-09-23 14:27:00+00:00,666.6300048828125,601.2600098,6749,24956.25
2025-09-23 14:28:00+00:00,666.6900024414062,601.3555908203125,6749.5,24960
2025-09-23 14:29:00+00:00,666.6199951171875,601.1900024414062,6749.25,24953.25
2025-09-23 14:30:00+00:00,666.6099853515625,601.2000122070312,6748.75,24956
2025-09-23 14:31:00+00:00,666.5999755859375,601.2999267578125,6749,24958
2025-09-23 14:32:00+00:00,666.5200195,601.0949707,6748,24950
2025-09-23 14:33:00+00:00,666.4500122070312,601.1901245117188,6747.25,24953.25
2025-09-23 14:34:00+00:00,666.3150024414062,601.1500244140625,6745.75,24951.75
2025-09-23 14:35:00+00:00,666.2700195,601.1900024414062,6745.5,24954
2025-09-23 14:36:00+00:00,666.2100219726562,601.1099853515625,6745,24950.75
2025-09-23 14:37:00+00:00,666.3499755859375,601.3099975585938,6746.5,24959.5
2025-09-23 14:38:00+00:00,666.2550048828125,601.2299805,6745.25,24955.25
2025-09-23 14:39:00+00:00,666.3015137,601.2199707,6745.75,24955.25
2025-09-23 14:40:00+00:00,666.3436279296875,601.2100219726562,6746.25,24955.25
2025-09-23 14:41:00+00:00,666.6149902,601.6798706054688,6749.25,24973.75
2025-09-23 14:42:00+00:00,666.4199829101562,601.4000244140625,6747,24962.25
2025-09-23 14:43:00+00:00,666.375,601.2498779296875,6746.75,24955.75
2025-09-23 14:44:00+00:00,666.3449707,601.1500244140625,6746.25,24952
2025-09-23 14:45:00+00:00,666.3549805,601.0900268554688,6746.5,24950.25
2025-09-23 14:46:00+00:00,666.2650146484375,600.9749755859375,6745.75,24945.25
2025-09-23 14:47:00+00:00,666.2349853515625,600.9149780273438,6745.25,24943.5
2025-09-23 14:48:00+00:00,666.3099975585938,600.9849853515625,6746,24946
2025-09-23 14:49:00+00:00,666.3699951171875,601,6746.75,24946.25
2025-09-23 14:50:00+00:00,666.4000244140625,601.0200195,6747,24946.5
2025-09-23 14:51:00+00:00,666.4799805,601.1154785,6747.75,24951
2025-09-23 14:52:00+00:00,666.4050293,600.9899902,6747,24945.5
2025-09-23 14:53:00+00:00,666.4550170898438,601.0499877929688,6747.5,24948
2025-09-23 14:54:00+00:00,666.625,601.25,6749,24956.75
2025-09-23 14:55:00+00:00,666.6950073242188,601.3099975585938,6749.75,24959.5
2025-09-23 14:56:00+00:00,666.6049805,601.2299805,6749,24955.75
2025-09-23 14:57:00+00:00,666.4650268554688,601.0499877929688,6747.5,24947.5
2025-09-23 14:58:00+00:00,666.3900146484375,601.015625,6746.5,24946.25
2025-09-23 14:59:00+00:00,666.3153076171875,600.9699707,6745.75,24944.5
2025-09-23 15:00:00+00:00,666.2100219726562,600.8499755859375,6744.75,24939.25
2025-09-23 15:01:00+00:00,666.2100219726562,600.8500977,6744.75,24940.75
2025-09-23 15:02:00+00:00,666.1400146484375,600.7800293,6744.25,24936.25
2025-09-23 15:03:00+00:00,666.1400146484375,600.7600098,6744,24936
2025-09-23 15:04:00+00:00,666.25,600.9400024414062,6745.25,24943.25
2025-09-23 15:05:00+00:00,666.3300170898438,600.9099731445312,6746,24942.75
2025-09-23 15:06:00+00:00,666.2800293,600.8701172,6745.5,24941.25
2025-09-23 15:07:00+00:00,666.1400146484375,600.8201293945312,6744,24938.75
2025-09-23 15:08:00+00:00,666.0800170898438,600.8599853515625,6743.5,24939.75
2025-09-23 15:09:00+00:00,666.1950073242188,601.0200805664062,6744.75,24946.75
2025-09-23 15:10:00+00:00,666.1900024414062,601.0684814453125,6744.5,24949.75
2025-09-23 15:11:00+00:00,666.2678833007812,601.1199951171875,6745.25,24952
2025-09-23 15:12:00+00:00,666.4249877929688,601.3449707,6747,24960.75
2025-09-23 15:13:00+00:00,666.3601074,601.3499755859375,6746.5,24961
2025-09-23 15:14:00+00:00,666.3599243164062,601.369873,6746.5,24961.75
2025-09-23 15:15:00+00:00,666.2249755859375,601.1900024414062,6744.75,24954
2025-09-23 15:16:00+00:00,666.2600098,601.2600098,6745.25,24957
2025-09-23 15:17:00+00:00,666.3983154296875,601.3798828,6746.75,24962.25
2025-09-23 15:18:00+00:00,666.4299926757812,601.4500122070312,6747,24965.5
2025-09-23 15:19:00+00:00,666.3900146484375,601.4450073242188,6746.5,24964.5
2025-09-23 15:20:00+00:00,666.3300170898438,601.4000244140625,6746,24963.5
2025-09-23 15:21:00+00:00,666.2313842773438,601.3400268554688,6745.25,24960
2025-09-23 15:22:00+00:00,666.3200073242188,601.4498901367188,6746,24964.5
2025-09-23 15:23:00+00:00,666.2899780273438,601.3699951171875,6745.5,24961.75
2025-09-23 15:24:00+00:00,666.4199829101562,601.5499877929688,6747,24968.5
2025-09-23 15:25:00+00:00,666.2911987304688,601.3900146484375,6745.5,24962
2025-09-23 15:26:00+00:00,666.1300048828125,601.2199707,6743.75,24955.5
2025-09-23 15:27:00+00:00,666.0700073242188,601.1599731445312,6743.5,24953
2025-09-23 15:28:00+00:00,666.1500244140625,601.2363281,6744.25,24957
2025-09-23 15:29:00+00:00,666.1500244140625,601.2999267578125,6744.25,24958.5
2025-09-23 15:30:00+00:00,666.1599731445312,601.3049926757812,6744.25,24958.75
2025-09-23 15:31:00+00:00,666.1699829101562,601.2600098,6744.25,24957
2025-09-23 15:32:00+00:00,666.0900268554688,601.1900024414062,6743.5,24953.5
2025-09-23 15:33:00+00:00,665.9899902,601.1500244140625,6742.5,24951.75
2025-09-23 15:34:00+00:00,666.0200195,601.2100219726562,6742.75,24955
2025-09-23 15:35:00+00:00,666,601.2600098,6742.75,24957.25
2025-09-23 15:36:00+00:00,666.0100098,601.2550048828125,6742.75,24957.5
2025-09-23 15:37:00+00:00,665.9450073242188,601.0900268554688,6742.25,24950.5
2025-09-23 15:38:00+00:00,665.9600219726562,601.0114135742188,6742.25,24947
2025-09-23 15:39:00+00:00,665.9600219726562,600.9249877929688,6742.25,24944
2025-09-23 15:40:00+00:00,665.8300170898438,600.8198852539062,6741,24938.25
2025-09-23 15:41:00+00:00,665.6699829101562,600.7100219726562,6739.25,24935
2025-09-23 15:42:00+00:00,665.6099243164062,600.6550293,6738.75,24931.75
2025-09-23 15:43:00+00:00,665.75,600.9299926757812,6740.25,24943.25
2025-09-23 15:44:00+00:00,665.8699951171875,601.0800170898438,6741.5,24949.75
2025-09-23 15:45:00+00:00,665.8400268554688,601.0900268554688,6741.25,24949.75
2025-09-23 15:46:00+00:00,665.9099731445312,601.2199707,6742,24955.5
2025-09-23 15:47:00+00:00,665.9000244140625,601.265625,6741.75,24957.25
2025-09-23 15:48:00+00:00,665.8400268554688,601.1755981445312,6741,24953
2025-09-23 15:49:00+00:00,665.8200073242188,601.1799926757812,6741,24953.25
2025-09-23 15:50:00+00:00,665.7800293,601.1049805,6740.75,24951
2025-09-23 15:51:00+00:00,665.7750244140625,601.1950073242188,6740.25,24954
2025-09-23 15:52:00+00:00,665.7550048828125,601.2000122070312,6740.25,24954.25
2025-09-23 15:53:00+00:00,665.7000122070312,601.0599975585938,6739.5,24948.75
2025-09-23 15:54:00+00:00,665.6849975585938,601.0700073242188,6739.5,24948.25
2025-09-23 15:55:00+00:00,665.7299805,600.9899902,6740,24945.5
2025-09-23 15:56:00+00:00,665.6398926,600.9451293945312,6738.75,24942.75
2025-09-23 15:57:00+00:00,665.6550293,600.9249877929688,6739,24942.25
2025-09-23 15:58:00+00:00,665.6400146484375,601.0050048828125,6739,24947.25
2025-09-23 15:59:00+00:00,665.5499877929688,601,6738,24946.25
2025-09-23 16:00:00+00:00,665.5599975585938,601.0599975585938,6738.5,24948.5
2025-09-23 16:01:00+00:00,665.5300293,601.0714721679688,6738,24948.5
2025-09-23 16:02:00+00:00,665.5300293,600.9699707,6738,24944.5
2025-09-23 16:03:00+00:00,665.4899902,600.8900146484375,6737.5,24941
2025-09-23 16:04:00+00:00,665.5097045898438,600.8499755859375,6737.5,24940
2025-09-23 16:05:00+00:00,665.4749755859375,600.7999877929688,6737.25,24937.25
2025-09-23 16:06:00+00:00,665.4899902,600.8549805,6737.5,24939.25
2025-09-23 16:07:00+00:00,665.3499755859375,600.7401123046875,6736.25,24934.75
2025-09-23 16:08:00+00:00,665.2000122070312,600.5399780273438,6734.75,24926.5
2025-09-23 16:09:00+00:00,665.1500244140625,600.4199829101562,6734.25,24922.25
2025-09-23 16:10:00+00:00,665.1149902,600.4299926757812,6733.75,24922
2025-09-23 16:11:00+00:00,665.1550293,600.4550170898438,6734.25,24923.5
2025-09-23 16:12:00+00:00,664.9953002929688,600.2999877929688,6732.5,24917
2025-09-23 16:13:00+00:00,665.0701293945312,600.4398803710938,6733.5,24922
2025-09-23 16:14:00+00:00,665.2399902,600.6199951171875,6735,24930.25
2025-09-23 16:15:00+00:00,665.1900024414062,600.6199951171875,6734.5,24930.25
2025-09-23 16:16:00+00:00,665.1649780273438,600.6500244140625,6734,24931.75
2025-09-23 16:17:00+00:00,665.2650146484375,600.7600098,6735.25,24936.25
2025-09-23 16:18:00+00:00,665.2949829101562,600.7849731445312,6735.75,24937.5
2025-09-23 16:19:00+00:00,665.4749755859375,600.9650268554688,6737.25,24944.25
2025-09-23 16:20:00+00:00,665.5700073242188,601.0499877929688,6738.5,24948
2025-09-23 16:21:00+00:00,665.6699829101562,601.1599731445312,6739.25,24952.5
2025-09-23 16:22:00+00:00,665.5399780273438,601.0399780273438,6738,24947.75
2025-09-23 16:23:00+00:00,665.4500122070312,600.9299926757812,6737.25,24942.75
2025-09-23 16:24:00+00:00,665.4699707,600.9199219,6737.5,24942.25
2025-09-23 16:25:00+00:00,665.3350219726562,600.75,6736,24935.5
2025-09-23 16:26:00+00:00,665.3900146484375,600.7700805664062,6736.5,24936.25
2025-09-23 16:27:00+00:00,665.3400268554688,600.7199707,6735.75,24934.25
2025-09-23 16:28:00+00:00,665.2199707,600.6798706054688,6735,24932.25
2025-09-23 16:29:00+00:00,665.2399902,600.6500854492188,6735,24931.25
2025-09-23 16:30:00+00:00,665.1599731445312,600.6400756835938,6734,24931.5
2025-09-23 16:31:00+00:00,665.2000122070312,600.6898803710938,6734.5,24933.75
2025-09-23 16:32:00+00:00,665.1849975585938,600.6599731445312,6734.25,24931.75
2025-09-23 16:33:00+00:00,665.4299926757812,600.8198852539062,6737,24938
2025-09-23 16:34:00+00:00,665.4099731445312,600.7999877929688,6736.75,24937
2025-09-23 16:35:00+00:00,665.1900024414062,600.6500244140625,6734.5,24931
2025-09-23 16:36:00+00:00,664.9699707,600.4298706054688,6732.25,24922
2025-09-23 16:37:00+00:00,665.3800048828125,600.75,6736.5,24935.75
2025-09-23 16:38:00+00:00,665.5200195,600.8720092773438,6737.75,24940
2025-09-23 16:39:00+00:00,665.4600219726562,600.7999877929688,6737,24937.5
2025-09-23 16:40:00+00:00,665.2199707,600.6699829101562,6734.75,24932.25
2025-09-23 16:41:00+00:00,665.4299926757812,600.8150024414062,6736.75,24938
2025-09-23 16:42:00+00:00,665.4550170898438,600.8499755859375,6737,24939.75
2025-09-23 16:43:00+00:00,665.4099731445312,600.8800048828125,6736.75,24940.5
2025-09-23 16:44:00+00:00,665.3350219726562,600.7799072265625,6736,24936.75
2025-09-23 16:45:00+00:00,665.4899902,600.8546752929688,6737.25,24939.5
2025-09-23 16:46:00+00:00,665.5999755859375,600.9249877929688,6738.75,24942.25
2025-09-23 16:47:00+00:00,665.7999877929688,601.0499877929688,6740.25,24947.5
2025-09-23 16:48:00+00:00,665.7199707,600.9849853515625,6739.75,24945
2025-09-23 16:49:00+00:00,665.75,601.0800170898438,6740.25,24948
2025-09-23 16:50:00+00:00,665.7000122070312,601.0399780273438,6739.75,24947
2025-09-23 16:51:00+00:00,665.7399902,601.0599975585938,6740.25,24948.5
2025-09-23 16:52:00+00:00,665.6798706054688,600.9998779296875,6739.25,24946.25
2025-09-23 16:53:00+00:00,665.5750122070312,600.880127,6738.5,24940.75
2025-09-23 16:54:00+00:00,665.5100098,600.8280029296875,6737.75,24938.25
2025-09-23 16:55:00+00:00,665.1699829101562,600.5,6734.25,24924.25
2025-09-23 16:56:00+00:00,665.2100219726562,600.5300293,6734.75,24926.5
2025-09-23 16:57:00+00:00,665.3250122070312,600.7100219726562,6735.75,24933.75
2025-09-23 16:58:00+00:00,665.1799926757812,600.5775756835938,6734.5,24928.5
2025-09-23 16:59:00+00:00,665.1550293,600.5800170898438,6734,24928.75
2025-09-23 17:00:00+00:00,665.0200195,600.3692016601562,6732.75,24920.25
2025-09-23 17:01:00+00:00,665,600.3812866210938,6732.75,24921
2025-09-23 17:02:00+00:00,664.9199829101562,600.3499755859375,6732,24920
2025-09-23 17:03:00+00:00,664.8001098632812,600.1707153320312,6730.5,24912
2025-09-23 17:04:00+00:00,664.7449951171875,600.2199707,6729.75,24914.5
2025-09-23 17:05:00+00:00,664.8900146484375,600.3950195,6731.5,24922
2025-09-23 17:06:00+00:00,664.8499755859375,600.3099975585938,6731,24918
2025-09-23 17:07:00+00:00,664.8599853515625,600.375,6731.25,24919.75
2025-09-23 17:08:00+00:00,664.8800048828125,600.2999877929688,6731.25,24916.75
2025-09-23 17:09:00+00:00,665.0949707,600.5175170898438,6733.25,24925.5
2025-09-23 17:10:00+00:00,664.9899902,600.4099731445312,6732.5,24922
2025-09-23 17:11:00+00:00,664.7755737304688,600.2000122070312,6730.25,24912.75
2025-09-23 17:12:00+00:00,664.9600219726562,600.3200073242188,6732,24916.5
2025-09-23 17:13:00+00:00,664.9699707,600.2849731445312,6732,24917
2025-09-23 17:14:00+00:00,664.8350219726562,600.1599731445312,6731,24910.75
2025-09-23 17:15:00+00:00,664.7949829101562,600.125,6730.25,24910.25
2025-09-23 17:16:00+00:00,664.7050170898438,600.0449829101562,6729.5,24907.5
2025-09-23 17:17:00+00:00,664.7800293,600.1400146484375,6730.25,24910.75
2025-09-23 17:18:00+00:00,664.6350098,599.9799805,6728.75,24904.25
2025-09-23 17:19:00+00:00,664.6350098,599.9349975585938,6728.75,24902.25
2025-09-23 17:20:00+00:00,664.4400024414062,599.8049926757812,6726.75,24897.5
2025-09-23 17:21:00+00:00,664.5700073242188,599.8599853515625,6728.25,24899.25
2025-09-23 17:22:00+00:00,664.7119750976562,600.0100098,6729.75,24904.75
2025-09-23 17:23:00+00:00,664.7800293,600.0549926757812,6730.5,24907.5
2025-09-23 17:24:00+00:00,664.5349731445312,599.848877,6727.75,24898.75
2025-09-23 17:25:00+00:00,664.3200073242188,599.5499877929688,6725.5,24886.75
2025-09-23 17:26:00+00:00,664.1699829101562,599.4899902,6724,24883.75
2025-09-23 17:27:00+00:00,663.8099975585938,599.2100219726562,6720.25,24872.5
2025-09-23 17:28:00+00:00,663.75,599.1356201171875,6720,24869
2025-09-23 17:29:00+00:00,663.7080078,599.1350098,6719,24869
2025-09-23 17:30:00+00:00,663.7150268554688,599.0850219726562,6719.5,24867.5
2025-09-23 17:31:00+00:00,663.4699707,598.9299926757812,6716.5,24861.5
2025-09-23 17:32:00+00:00,663.6500244140625,599.1149902,6718.75,24868.75
2025-09-23 17:33:00+00:00,663.6500244140625,599.1500244140625,6718.5,24868.25
2025-09-23 17:34:00+00:00,663.4899902,599.0692138671875,6716.75,24866.5
2025-09-23 17:35:00+00:00,663.1849975585938,598.6599731445312,6714,24849.75
2025-09-23 17:36:00+00:00,662.9600219726562,598.2587280273438,6711.75,24832.5
2025-09-23 17:37:00+00:00,662.9400024414062,598.1900024414062,6711.5,24830.25
2025-09-23 17:38:00+00:00,662.9400024414062,598.2000122070312,6711.25,24831.75
2025-09-23 17:39:00+00:00,662.7600098,597.9699707,6709.5,24821.75
2025-09-23 17:40:00+00:00,662.4638061523438,597.6350098,6706.5,24808
2025-09-23 17:41:00+00:00,662.1300048828125,597.0800170898438,6703.25,24784.75
2025-09-23 17:42:00+00:00,662.6550293,597.5900268554688,6708.5,24805.5
2025-09-23 17:43:00+00:00,662.9099731445312,597.8549805,6711,24816.5
2025-09-23 17:44:00+00:00,662.6199951171875,597.5098876953125,6708,24802.25
2025-09-23 17:45:00+00:00,662.5100098,597.3900146484375,6707,24797.25
2025-09-23 17:46:00+00:00,662.4699707,597.3300170898438,6706.75,24794.5
2025-09-23 17:47:00+00:00,662.8319702148438,597.8787841796875,6710.25,24816.75
2025-09-23 17:48:00+00:00,663.1749877929688,598.1900024414062,6713.5,24829.5
2025-09-23 17:49:00+00:00,663.3800048828125,598.4400024414062,6715.75,24840
2025-09-23 17:50:00+00:00,663.3350219726562,598.4744873046875,6715.25,24841.75
2025-09-23 17:51:00+00:00,663.25,598.3101196289062,6714.25,24834.5
2025-09-23 17:52:00+00:00,662.9799805,597.9849853515625,6711.75,24821.25
2025-09-23 17:53:00+00:00,663.0100098,597.9699707,6712,24821.75
2025-09-23 17:54:00+00:00,662.9199829101562,597.8726196289062,6711.25,24816.25
2025-09-23 17:55:00+00:00,663.0100098,598.0599975585938,6712,24823.75
2025-09-23 17:56:00+00:00,662.9199829101562,598,6711.25,24820.75
2025-09-23 17:57:00+00:00,663.2050170898438,598.2899780273438,6713.75,24832.5
2025-09-23 17:58:00+00:00,663.3400268554688,598.4099731445312,6715.5,24838
2025-09-23 17:59:00+00:00,663.2299805,598.3499755859375,6714,24835.75
2025-09-23 18:00:00+00:00,663.0399780273438,598.2199707,6712.25,24830.5
2025-09-23 18:01:00+00:00,663.1500244140625,598.3762207,6713.5,24836.75
2025-09-23 18:02:00+00:00,663.2100219726562,598.3601074,6714,24835.25
2025-09-23 18:03:00+00:00,662.8599853515625,597.923584,6710.5,24817.75
2025-09-23 18:04:00+00:00,662.8300170898438,597.9699707,6710.25,24820.75
2025-09-23 18:05:00+00:00,662.7800293,597.9050293,6709.75,24817.25
2025-09-23 18:06:00+00:00,662.8400268554688,597.9400024414062,6710.5,24820.5
2025-09-23 18:07:00+00:00,662.9500122070312,598.0499877929688,6711.5,24823.25
2025-09-23 18:08:00+00:00,662.9500122070312,598.0800170898438,6711.5,24825.25
2025-09-23 18:09:00+00:00,662.8599853515625,597.9500122070312,6710.5,24819.75
2025-09-23 18:10:00+00:00,662.7449951171875,597.7999877929688,6709.25,24814
2025-09-23 18:11:00+00:00,662.6599731445312,597.6699829101562,6708.5,24808.25
2025-09-23 18:12:00+00:00,662.7100219726562,597.6749877929688,6709.25,24808.5
2025-09-23 18:13:00+00:00,662.7650146484375,597.7899780273438,6709.75,24813.25
2025-09-23 18:14:00+00:00,662.6699829101562,597.7100219726562,6708.75,24810.5
2025-09-23 18:15:00+00:00,662.5700073242188,597.6300048828125,6707.5,24805.5
2025-09-23 18:16:00+00:00,662.5,597.5399780273438,6707,24803.25
2025-09-23 18:17:00+00:00,662.4349975585938,597.4949951171875,6706.25,24801.5
2025-09-23 18:18:00+00:00,662.5200195,597.5855712890625,6707.25,24803.25
2025-09-23 18:19:00+00:00,662.3699951171875,597.3850098,6705.75,24797
2025-09-23 18:20:00+00:00,662.4600219726562,597.5499877929688,6706.5,24803.5
2025-09-23 18:21:00+00:00,662.3350219726562,597.4313965,6705.25,24798.5
2025-09-23 18:22:00+00:00,662.4299926757812,597.4899902,6706.25,24800.75
2025-09-23 18:23:00+00:00,662.2199707,597.2299805,6704,24790.75
2025-09-23 18:24:00+00:00,662.3599853515625,597.4531860351562,6705.5,24799.5
2025-09-23 18:25:00+00:00,662.7050170898438,597.8549805,6709,24815.75
2025-09-23 18:26:00+00:00,662.8583984,598.0399780273438,6710.75,24823.5
2025-09-23 18:27:00+00:00,662.8499755859375,598.0300293,6710.5,24823
2025-09-23 18:28:00+00:00,662.7199707,597.7999877929688,6709,24813
2025-09-23 18:29:00+00:00,662.6749877929688,597.75,6708.75,24811.25
2025-09-23 18:30:00+00:00,662.7999877929688,597.9050293,6710.25,24817.75
2025-09-23 18:31:00+00:00,663.0300293,598.1350098,6712.25,24827.5
2025-09-23 18:32:00+00:00,663.1199951171875,598.1900024414062,6713.25,24830
2025-09-23 18:33:00+00:00,663.1503295898438,598.2299805,6713.5,24830.75
2025-09-23 18:34:00+00:00,663.1699829101562,598.2399902,6713.5,24831.5
2025-09-23 18:35:00+00:00,663.1799926757812,598.1799926757812,6713.5,24829.75
2025-09-23 18:36:00+00:00,663.2899169921875,598.3200073242188,6715,24834.5
2025-09-23 18:37:00+00:00,662.9199829101562,598,6711.25,24822
2025-09-23 18:38:00+00:00,662.9500122070312,597.8599853515625,6711.5,24816
2025-09-23 18:39:00+00:00,662.6500244140625,597.5599975585938,6708.5,24803.5
2025-09-23 18:40:00+00:00,662.6950073242188,597.6149902,6709,24806
2025-09-23 18:41:00+00:00,662.6560059,597.5999755859375,6708.75,24805.5
2025-09-23 18:42:00+00:00,662.6699829101562,597.6350098,6708.75,24806.75
2025-09-23 18:43:00+00:00,662.7199707,597.7750244140625,6709,24812.5
2025-09-23 18:44:00+00:00,662.6300048828125,597.7299805,6708.25,24810.5
2025-09-23 18:45:00+00:00,662.7100219726562,597.7800293,6709,24812.75
2025-09-23 18:46:00+00:00,662.8198852539062,597.9199829101562,6710.25,24818
2025-09-23 18:47:00+00:00,662.8599853515625,598.0050048828125,6710.75,24821.75
2025-09-23 18:48:00+00:00,662.6699829101562,597.7899780273438,6708.75,24813.25
2025-09-23 18:49:00+00:00,662.5499877929688,597.7299805,6707.25,24810
2025-09-23 18:50:00+00:00,662.4799805,597.6500244140625,6706.75,24807
2025-09-23 18:51:00+00:00,662.4400024414062,597.6008911132812,6706.25,24805
2025-09-23 18:52:00+00:00,662.4099731445312,597.5100098,6706,24801.75
2025-09-23 18:53:00+00:00,662.3699951171875,597.4799194335938,6705.75,24799.25
2025-09-23 18:54:00+00:00,662.3900146484375,597.4901123046875,6705.5,24799.5
2025-09-23 18:55:00+00:00,662.4749755859375,597.6099853515625,6706.75,24805.75
2025-09-23 18:56:00+00:00,662.3400268554688,597.4349975585938,6705.25,24798.25
2025-09-23 18:57:00+00:00,662.1900024414062,597.3699951171875,6703.75,24796
2025-09-23 18:58:00+00:00,662.1400146484375,597.2399902,6703.25,24790.25
2025-09-23 18:59:00+00:00,662.1099853515625,597.2501220703125,6703,24790.25
2025-09-23 19:00:00+00:00,662.5100098,597.5910034179688,6707,24805.5
2025-09-23 19:01:00+00:00,662.6400146484375,597.75,6708.25,24811.5
2025-09-23 19:02:00+00:00,662.4349975585938,597.5949707,6706.25,24804.5
2025-09-23 19:03:00+00:00,662.4099731445312,597.5300293,6706,24802.25
2025-09-23 19:04:00+00:00,662.25,597.3599853515625,6704.5,24795.25
2025-09-23 19:05:00+00:00,662.2249755859375,597.2999877929688,6704.25,24793.25
2025-09-23 19:06:00+00:00,662.3200073242188,597.3400268554688,6705.25,24793.5
2025-09-23 19:07:00+00:00,662.3900146484375,597.4450073242188,6705.75,24798.5
2025-09-23 19:08:00+00:00,662.1699829101562,597.2698974609375,6703.5,24791.5
2025-09-23 19:09:00+00:00,662.2299805,597.3699951171875,6704.25,24795.25
2025-09-23 19:10:00+00:00,662.3375244140625,597.5900268554688,6705.25,24804.75
2025-09-23 19:11:00+00:00,662.3900146484375,597.6599731445312,6705.5,24807.75
2025-09-23 19:12:00+00:00,662.4199829101562,597.6444091796875,6706,24807.5
2025-09-23 19:13:00+00:00,662.4000244140625,597.6599121,6706,24807.5
2025-09-23 19:14:00+00:00,662.3200073242188,597.5599975585938,6705.25,24803.75
2025-09-23 19:15:00+00:00,662.2899780273438,597.5399780273438,6704.75,24802.25
2025-09-23 19:16:00+00:00,662.5200195,597.8200073242188,6707,24813.75
2025-09-23 19:17:00+00:00,662.6649780273438,597.9249877929688,6708.5,24818.25
2025-09-23 19:18:00+00:00,662.7650146484375,598.0800170898438,6709.5,24824.25
2025-09-23 19:19:00+00:00,662.7700195,598.0471191,6709.75,24823.25
2025-09-23 19:20:00+00:00,662.5150146484375,597.7550048828125,6707,24811.5
2025-09-23 19:21:00+00:00,662.2999877929688,597.5800170898438,6705,24804.25
2025-09-23 19:22:00+00:00,662.3449707,597.5206909179688,6705.5,24801.5
2025-09-23 19:23:00+00:00,662.3850098,597.5198974609375,6705.75,24801.75
2025-09-23 19:24:00+00:00,662.4500122070312,597.5999755859375,6706.5,24805.25
2025-09-23 19:25:00+00:00,662.4000244140625,597.5700073242188,6706.25,24804.5
2025-09-23 19:26:00+00:00,662.3599853515625,597.5700073242188,6705.75,24804.25
2025-09-23 19:27:00+00:00,662.25,597.3449707,6704.5,24795
2025-09-23 19:28:00+00:00,662.3950195,597.5247192382812,6706,24802.25
2025-09-23 19:29:00+00:00,662.369873,597.5109863,6705.75,24802.25
2025-09-23 19:30:00+00:00,662.3599853515625,597.6199951171875,6706,24806.75
2025-09-23 19:31:00+00:00,662.4699707,597.6900024414062,6707,24809.75
2025-09-23 19:32:00+00:00,662.5700073242188,597.7692871,6708,24813
2025-09-23 19:33:00+00:00,662.6199951171875,597.8099975585938,6708.5,24814.5
2025-09-23 19:34:00+00:00,662.6781005859375,597.8400268554688,6709.25,24816.25
2025-09-23 19:35:00+00:00,662.6049805,597.7999877929688,6708.5,24814.75
2025-09-23 19:36:00+00:00,662.7150268554688,597.9299926757812,6709.5,24820
2025-09-23 19:37:00+00:00,662.5700073242188,597.8800048828125,6708.25,24817.75
2025-09-23 19:38:00+00:00,662.5349731445312,597.8300170898438,6708,24815.75
2025-09-23 19:39:00+00:00,662.7399902,597.8499755859375,6710,24816.5
2025-09-23 19:40:00+00:00,662.7999877929688,598.0150146484375,6710.5,24823
2025-09-23 19:41:00+00:00,662.8099975585938,598.0200195,6710.5,24823
2025-09-23 19:42:00+00:00,662.8800048828125,598.0549926757812,6711.5,24824.75
2025-09-23 19:43:00+00:00,662.8699951171875,598.0700073242188,6711.25,24825.25
2025-09-23 19:44:00+00:00,662.9099731445312,598.1599731445312,6712,24829.5
2025-09-23 19:45:00+00:00,663.1049805,598.3007202148438,6713.75,24834.75
2025-09-23 19:46:00+00:00,662.8950195,598.1699829101562,6711.5,24829.75
2025-09-23 19:47:00+00:00,662.7449951171875,598.0349731445312,6710,24824
2025-09-23 19:48:00+00:00,662.8699951171875,598.0999755859375,6711.5,24826.75
2025-09-23 19:49:00+00:00,662.9299926757812,598.1199951171875,6712,24827.5
2025-09-23 19:50:00+00:00,663.0250244140625,598.0999755859375,6713.25,24826.75
2025-09-23 19:51:00+00:00,663.2100219726562,598.1950073242188,6715,24831
2025-09-23 19:52:00+00:00,663.1799926757812,597.9899902,6714.5,24822.5
2025-09-23 19:53:00+00:00,663.2949829101562,598.2244262695312,6716,24833
2025-09-23 19:54:00+00:00,663.3900146484375,598.3400268554688,6716.75,24837.25
2025-09-23 19:55:00+00:00,663.3400268554688,598.2899780273438,6716.5,24835
2025-09-23 19:56:00+00:00,663.25,598.1400146484375,6715.5,24828.75
2025-09-23 19:57:00+00:00,663.0850219726562,597.9899902,6714,24822.75
2025-09-23 19:58:00+00:00,663.0499877929688,598,6713.75,24823
2025-09-23 19:59:00+00:00,663.25,598.1599731445312,6715.75,24830.25
2025-09-24 13:30:00+00:00,664.1699829101562,599.1699829101562,6724,24869.75
2025-09-24 13:31:00+00:00,664.1699829101562,599.0399780273438,6723.75,24862.25
2025-09-24 13:32:00+00:00,664.1300048828125,598.7299805,6723.25,24850.25
2025-09-24 13:33:00+00:00,663.9199829101562,598.2899780273438,6721.25,24831.75
2025-09-24 13:34:00+00:00,664.125,598.5,6723.5,24840.75
2025-09-24 13:35:00+00:00,664,598.7199707,6722,24849.5
2025-09-24 13:36:00+00:00,663.9107055664062,598.5499877929688,6721.25,24842.25
2025-09-24 13:37:00+00:00,663.6099853515625,598.1199951171875,6718.25,24825.75
2025-09-24 13:38:00+00:00,663.5800170898438,598.3300170898438,6717.75,24834
2025-09-24 13:39:00+00:00,663.6099853515625,598.375,6718.25,24835.75
2025-09-24 13:40:00+00:00,663.7800293,598.6699829101562,6719.75,24848.5
2025-09-24 13:41:00+00:00,663.5401000976562,598.3150024414062,6717.5,24834.25
2025-09-24 13:42:00+00:00,663.6900024414062,598.4500122070312,6719.25,24840
2025-09-24 13:43:00+00:00,663.5300293,598.2249755859375,6717.5,24834.25
2025-09-24 13:44:00+00:00,663.5700073242188,598.3654785,6718,24836.25
2025-09-24 13:45:00+00:00,663.3950805664062,598.2000122070312,6716,24828.25
2025-09-24 13:46:00+00:00,663.5,598.2600098,6717,24831.5
2025-09-24 13:47:00+00:00,663.4899902,598.2299194335938,6717,24830.5
2025-09-24 13:48:00+00:00,663.4299926757812,598.0700073242188,6716.5,24823
2025-09-24 13:49:00+00:00,662.9400024414062,597.6199951171875,6711.5,24805.25
2025-09-24 13:50:00+00:00,662.8400268554688,597.5549926757812,6710.5,24802.5
2025-09-24 13:51:00+00:00,662.4799805,597.2600098,6707,24790.5
2025-09-24 13:52:00+00:00,662.7700195,597.5,6709.5,24801.25
2025-09-24 13:53:00+00:00,662.7700195,597.7424926757812,6709.75,24810.25
2025-09-24 13:54:00+00:00,662.7100219726562,597.5250244140625,6709.25,24801.75
2025-09-24 13:55:00+00:00,662.8300170898438,597.7199707,6710.5,24809.75
2025-09-24 13:56:00+00:00,662.7949829101562,597.6849975585938,6710,24808.5
2025-09-24 13:57:00+00:00,662.8599853515625,597.7800293,6710.75,24813
2025-09-24 13:58:00+00:00,662.7612305,597.7399902,6709.75,24811
2025-09-24 13:59:00+00:00,663.0399780273438,598.0012817382812,6712.5,24820.75
2025-09-24 14:00:00+00:00,662.7899780273438,597.7999877929688,6710,24813.75
2025-09-24 14:01:00+00:00,662.8502807617188,597.8699951171875,6710.75,24816.25
2025-09-24 14:02:00+00:00,662.7650146484375,597.7550048828125,6710,24811.5
2025-09-24 14:03:00+00:00,663.1099853515625,598.1900024414062,6713,24828.5
2025-09-24 14:04:00+00:00,663.3800048828125,598.4099731445312,6716,24837.5
2025-09-24 14:05:00+00:00,663.0399780273438,597.9655762,6712.5,24819.5
2025-09-24 14:06:00+00:00,662.8800048828125,597.8300170898438,6711,24815
2025-09-24 14:07:00+00:00,663.0599975585938,598.0900268554688,6712.5,24824
2025-09-24 14:08:00+00:00,663.0200195,597.9298706054688,6712.5,24817.5
2025-09-24 14:09:00+00:00,662.9799805,597.8499755859375,6712,24815.25
2025-09-24 14:10:00+00:00,663.0449829101562,597.9199829101562,6712.75,24817.75
2025-09-24 14:11:00+00:00,663.0300293,597.8300170898438,6712.5,24814
2025-09-24 14:12:00+00:00,662.9249877929688,597.7700805664062,6711.5,24810.75
2025-09-24 14:13:00+00:00,663.1099853515625,597.9949951171875,6713.25,24821.5
2025-09-24 14:14:00+00:00,663.2600098,598.1799926757812,6714.75,24828.25
2025-09-24 14:15:00+00:00,663.0900268554688,598.0200195,6713,24822.5
2025-09-24 14:16:00+00:00,663.2999877929688,598.2449951171875,6715.5,24831.75
2025-09-24 14:17:00+00:00,663.3699951171875,598.3449707,6715.75,24835
2025-09-24 14:18:00+00:00,663.2249755859375,598.1755981445312,6714.75,24828.25
2025-09-24 14:19:00+00:00,663.3900146484375,598.2899780273438,6716,24833.25
2025-09-24 14:20:00+00:00,663.2899780273438,598.1300048828125,6715,24825.75
2025-09-24 14:21:00+00:00,663.1599731445312,597.9450073242188,6713.5,24818.25
2025-09-24 14:22:00+00:00,663.2899780273438,597.9692993164062,6715.25,24819.75
2025-09-24 14:23:00+00:00,663.1950073242188,597.9010009765625,6714,24817
2025-09-24 14:24:00+00:00,663.0999755859375,597.8400268554688,6713.25,24814.25
2025-09-24 14:25:00+00:00,663.2249755859375,598.0750122070312,6714.25,24824.25
2025-09-24 14:26:00+00:00,663.0700073242188,597.8806762695312,6712.75,24816.5
2025-09-24 14:27:00+00:00,663.0800170898438,597.8991088867188,6713.25,24817.75
2025-09-24 14:28:00+00:00,663.2399902,597.9201049804688,6714.75,24818.5
2025-09-24 14:29:00+00:00,663.2100219726562,597.9299926757812,6714.25,24818.75
2025-09-24 14:30:00+00:00,663.1900024414062,597.9500122070312,6714.25,24819.25
2025-09-24 14:31:00+00:00,663.3499755859375,598.0499877929688,6715.75,24823.75
2025-09-24 14:32:00+00:00,663.1099853515625,597.6450195,6713.25,24807.5
2025-09-24 14:33:00+00:00,662.8300170898438,597.3400268554688,6710.25,24794.5
2025-09-24 14:34:00+00:00,662.9199829101562,597.4899902,6711.25,24800
2025-09-24 14:35:00+00:00,663.1799926757812,597.8150024414062,6714,24813.5
2025-09-24 14:36:00+00:00,663.2550048828125,597.9500122070312,6714.75,24819.5
2025-09-24 14:37:00+00:00,663.2100219726562,597.7999877929688,6714.25,24812.75
2025-09-24 14:38:00+00:00,663.1500244140625,597.7399902,6713.75,24810.75
2025-09-24 14:39:00+00:00,663.2249755859375,597.7700195,6714.5,24812
2025-09-24 14:40:00+00:00,663.125,597.6199951171875,6713.75,24805.75
2025-09-24 14:41:00+00:00,663.0200195,597.5100098,6712.5,24802
2025-09-24 14:42:00+00:00,663,597.4149780273438,6712.25,24797
2025-09-24 14:43:00+00:00,663.0150146484375,597.5150146484375,6712.25,24801.5
2025-09-24 14:44:00+00:00,663.2639770507812,597.7899780273438,6715,24812.75
2025-09-24 14:45:00+00:00,663.2449951171875,597.8250122070312,6714.5,24813.5
2025-09-24 14:46:00+00:00,663.2849731445312,597.9400024414062,6715.25,24818.5
2025-09-24 14:47:00+00:00,663.3400268554688,597.9830932617188,6716,24820.25
2025-09-24 14:48:00+00:00,663.3900146484375,598.0100098,6716.25,24822.25
2025-09-24 14:49:00+00:00,663.4099731445312,598.0601196289062,6716.5,24825
2025-09-24 14:50:00+00:00,663.2650146484375,597.8599243164062,6714.75,24815.25
2025-09-24 14:51:00+00:00,663.5499877929688,598.1069946289062,6718,24825.75
2025-09-24 14:52:00+00:00,663.6300048828125,598.1300048828125,6718.75,24826.25
2025-09-24 14:53:00+00:00,663.3400268554688,597.8250122070312,6715.5,24812.5
2025-09-24 14:54:00+00:00,663.119873,597.5399780273438,6713.25,24802
2025-09-24 14:55:00+00:00,662.9550170898438,597.4849853515625,6711.75,24800.25
2025-09-24 14:56:00+00:00,662.9949951171875,597.4299926757812,6712,24797.5
2025-09-24 14:57:00+00:00,662.8699951171875,597.3250732421875,6711,24792.75
2025-09-24 14:58:00+00:00,663.1149902,597.5999755859375,6713.25,24804.25
2025-09-24 14:59:00+00:00,662.9299926757812,597.3419799804688,6711.5,24794
2025-09-24 15:00:00+00:00,663.0700073242188,597.4699707,6712.75,24798.75
2025-09-24 15:01:00+00:00,662.9299926757812,597.3300170898438,6711.5,24793.5
2025-09-24 15:02:00+00:00,662.9050293,597.3200073242188,6711,24792.5
2025-09-24 15:03:00+00:00,662.8850098,597.3200073242188,6711,24792.5
2025-09-24 15:04:00+00:00,662.8200073242188,597.2650146484375,6710,24790.25
2025-09-24 15:05:00+00:00,662.9489746,597.4692993164062,6711.75,24798.75
2025-09-24 15:06:00+00:00,662.9199829101562,597.4299926757812,6711.5,24797
2025-09-24 15:07:00+00:00,662.9899902,597.4500122070312,6712,24798.5
2025-09-24 15:08:00+00:00,662.9500122070312,597.4500732421875,6711.75,24797.5
2025-09-24 15:09:00+00:00,662.8250122070312,597.2700195,6710.5,24790.75
2025-09-24 15:10:00+00:00,662.6599731445312,597.0850219726562,6708.75,24783
2025-09-24 15:11:00+00:00,662.5549926757812,597.0700073242188,6707.5,24782
2025-09-24 15:12:00+00:00,662.6599731445312,597.2000122070312,6708.75,24787.25
2025-09-24 15:13:00+00:00,662.7050170898438,597.3200073242188,6709.25,24793.25
2025-09-24 15:14:00+00:00,662.4249877929688,596.9600830078125,6706.25,24778.25
2025-09-24 15:15:00+00:00,662.5551147460938,597.1199951171875,6707.5,24784.75
2025-09-24 15:16:00+00:00,662.6300048828125,597.0800170898438,6708.25,24783
2025-09-24 15:17:00+00:00,662.5900268554688,597.0493164,6707.75,24781.25
2025-09-24 15:18:00+00:00,662.5599975585938,597.1099853515625,6707.75,24784.5
2025-09-24 15:19:00+00:00,662.6749877929688,597.3400268554688,6709,24793.5
2025-09-24 15:20:00+00:00,662.7899780273438,597.4849853515625,6710,24799.5
2025-09-24 15:21:00+00:00,662.7399902,597.3818969726562,6709.5,24795.75
2025-09-24 15:22:00+00:00,662.8699951171875,597.6199951171875,6711,24805.25
2025-09-24 15:23:00+00:00,662.9400024414062,597.625,6711.5,24806
2025-09-24 15:24:00+00:00,662.8900146484375,597.6099853515625,6711,24805.75
2025-09-24 15:25:00+00:00,662.75,597.4799805,6709.5,24799.75
2025-09-24 15:26:00+00:00,662.7550048828125,597.5200195,6709.75,24802
2025-09-24 15:27:00+00:00,662.5750122070312,597.3099975585938,6707.75,24792.5
2025-09-24 15:28:00+00:00,662.6199951171875,597.3900146484375,6708.25,24796.25
2025-09-24 15:29:00+00:00,662.6599731445312,597.3549805,6708.75,24794
2025-09-24 15:30:00+00:00,662.6199951171875,597.3099975585938,6708.5,24792.5
2025-09-24 15:31:00+00:00,662.5200195,597.1599731445312,6707,24786.25
2025-09-24 15:32:00+00:00,662.4849853515625,597.0731201171875,6707,24782.25
2025-09-24 15:33:00+00:00,662.2199707,596.7999877929688,6704,24771
2025-09-24 15:34:00+00:00,662.1699829101562,596.7399902,6703.75,24769.25
2025-09-24 15:35:00+00:00,662.2600708007812,596.8250122070312,6704.5,24772.5
2025-09-24 15:36:00+00:00,662.3300170898438,596.9099731445312,6705,24774.75
2025-09-24 15:37:00+00:00,662.4799805,597.0800170898438,6706.75,24783.25
2025-09-24 15:38:00+00:00,662.1350098,596.6799926757812,6703.25,24766.5
2025-09-24 15:39:00+00:00,662.2999877929688,596.8099975585938,6704.75,24772
2025-09-24 15:40:00+00:00,662.2800293,596.8289184570312,6704.75,24772.75
2025-09-24 15:41:00+00:00,662.0900268554688,596.5549926757812,6703,24761
2025-09-24 15:42:00+00:00,662.2199707,596.7349853515625,6704,24768.5
2025-09-24 15:43:00+00:00,662.0949707,596.6400146484375,6703,24764.75
2025-09-24 15:44:00+00:00,662.1450195,596.625,6703.5,24764
2025-09-24 15:45:00+00:00,662.0499877929688,596.4650268554688,6702.5,24758
2025-09-24 15:46:00+00:00,661.7399902,596.1400146484375,6699.25,24744
2025-09-24 15:47:00+00:00,661.5800170898438,595.9650268554688,6697.5,24736
2025-09-24 15:48:00+00:00,661.4600219726562,595.7849731445312,6696.25,24729.5
2025-09-24 15:49:00+00:00,661.3599853515625,595.7999267578125,6695.5,24730
2025-09-24 15:50:00+00:00,661.2199707,595.6099853515625,6694.25,24722.75
2025-09-24 15:51:00+00:00,661.1400146484375,595.5599975585938,6693.5,24720
2025-09-24 15:52:00+00:00,660.9600219726562,595.3900146484375,6691.25,24712.75
2025-09-24 15:53:00+00:00,661.2399902,595.7249755859375,6694.25,24726.25
2025-09-24 15:54:00+00:00,661.2246094,595.6400146484375,6694,24723.75
2025-09-24 15:55:00+00:00,660.9456176757812,595.369873,6691.25,24711.75
2025-09-24 15:56:00+00:00,660.7800293,595.0299072265625,6689.25,24697.75
2025-09-24 15:57:00+00:00,660.9299926757812,595.25,6691,24707.75
2025-09-24 15:58:00+00:00,660.3900146484375,594.7089844,6685.5,24684
2025-09-24 15:59:00+00:00,660.3900146484375,594.5999755859375,6685.5,24679.75
2025-09-24 16:00:00+00:00,660.2449951171875,594.5300293,6684,24677
2025-09-24 16:01:00+00:00,660.2999877929688,594.5698852539062,6684.5,24678.25
2025-09-24 16:02:00+00:00,660.3800048828125,594.5800170898438,6685.25,24679.5
2025-09-24 16:03:00+00:00,660.3599853515625,594.4501953,6685,24673.75
2025-09-24 16:04:00+00:00,660.4899902,594.4799805,6686.25,24675
2025-09-24 16:05:00+00:00,660.1500244140625,594.1500244140625,6683,24661.25
2025-09-24 16:06:00+00:00,660.0999755859375,594.1199951171875,6682.5,24659.75
2025-09-24 16:07:00+00:00,660.2000122070312,594.1699829101562,6683.25,24661.75
2025-09-24 16:08:00+00:00,660.1201172,593.9799805,6682.75,24654.75
2025-09-24 16:09:00+00:00,660.0499877929688,593.8499145507812,6682,24648.5
2025-09-24 16:10:00+00:00,659.9299926757812,593.7199707,6680.75,24644.25
2025-09-24 16:11:00+00:00,659.9199829101562,593.6699829101562,6680.5,24641
2025-09-24 16:12:00+00:00,659.7000122070312,593.4299926757812,6678.5,24631
2025-09-24 16:13:00+00:00,660.0062866210938,593.8499755859375,6681.25,24648
2025-09-24 16:14:00+00:00,660.0100098,593.9400024414062,6681.5,24651
2025-09-24 16:15:00+00:00,659.8499755859375,593.7199707,6679.75,24642.5
2025-09-24 16:16:00+00:00,659.8099975585938,593.7379760742188,6679.25,24643.5
2025-09-24 16:17:00+00:00,660.0200195,593.9279785,6681.75,24650.75
2025-09-24 16:18:00+00:00,660.25,594.1799926757812,6683.75,24662.75
2025-09-24 16:19:00+00:00,660.2700195,594.1900024414062,6684,24662
2025-09-24 16:20:00+00:00,660.3850098,594.3400268554688,6685.25,24668
2025-09-24 16:21:00+00:00,660.4600219726562,594.4450073242188,6685.75,24672
2025-09-24 16:22:00+00:00,660.7399902,594.6900024414062,6688.75,24682.25
2025-09-24 16:23:00+00:00,660.9299926757812,594.9000244140625,6690.75,24691.25
2025-09-24 16:24:00+00:00,660.9550170898438,594.9500122070312,6691,24693.25
2025-09-24 16:25:00+00:00,660.6300048828125,594.6610717773438,6687.75,24681.5
2025-09-24 16:26:00+00:00,660.7199707,594.7399902,6689,24684.5
2025-09-24 16:27:00+00:00,661.1199951171875,595.1900024414062,6692.75,24703.5
2025-09-24 16:28:00+00:00,660.9249877929688,595.0697021484375,6690.75,24698.75
2025-09-24 16:29:00+00:00,660.9099731445312,595.0499877929688,6690.5,24697
2025-09-24 16:30:00+00:00,660.8499755859375,594.9199219,6690.25,24691.75
2025-09-24 16:31:00+00:00,660.7899780273438,594.7999877929688,6689.5,24687.75
2025-09-24 16:32:00+00:00,660.8499755859375,594.9299926757812,6690.25,24692.25
2025-09-24 16:33:00+00:00,660.8900146484375,594.9600219726562,6690.5,24694.25
2025-09-24 16:34:00+00:00,660.7000122070312,594.7299805,6688.75,24685
2025-09-24 16:35:00+00:00,660.8201293945312,594.9299926757812,6690,24692.75
2025-09-24 16:36:00+00:00,660.7399902,594.7700195,6689.25,24686.25
2025-09-24 16:37:00+00:00,660.8740844726562,594.9349975585938,6690.5,24693
2025-09-24 16:38:00+00:00,660.8549805,594.8601074,6690.25,24690.5
2025-09-24 16:39:00+00:00,660.9199829101562,594.9899902,6691,24695.75
2025-09-24 16:40:00+00:00,660.9400024414062,595.0399780273438,6691.25,24697.75
2025-09-24 16:41:00+00:00,661.0300293,595.1389770507812,6692.25,24701.5
2025-09-24 16:42:00+00:00,661.0499877929688,595.1651000976562,6692.25,24703
2025-09-24 16:43:00+00:00,660.9000244140625,595.0098876953125,6690.75,24696.5
2025-09-24 16:44:00+00:00,660.9400024414062,595.0449829101562,6691.25,24697.75
2025-09-24 16:45:00+00:00,660.75,594.7800293,6689.5,24686.75
2025-09-24 16:46:00+00:00,660.6799926757812,594.7089233398438,6688.75,24683.75
2025-09-24 16:47:00+00:00,660.8250122070312,594.9500122070312,6690.25,24694.5
2025-09-24 16:48:00+00:00,660.8599853515625,595.0300293,6690.5,24697
2025-09-24 16:49:00+00:00,660.7399902,594.8800048828125,6689.25,24691
2025-09-24 16:50:00+00:00,660.5499877929688,594.6950073242188,6687.5,24683
2025-09-24 16:51:00+00:00,660.7800293,594.9500122070312,6689.75,24695.25
2025-09-24 16:52:00+00:00,660.6099853515625,594.7700195,6687.75,24686.25
2025-09-24 16:53:00+00:00,660.6206055,594.8300781,6688,24687.5
2025-09-24 16:54:00+00:00,660.6300048828125,594.7501220703125,6688.25,24685.5
2025-09-24 16:55:00+00:00,660.6500244140625,594.8200073242188,6688.5,24689
2025-09-24 16:56:00+00:00,660.5454711914062,594.7299805,6687.5,24684
2025-09-24 16:57:00+00:00,660.4500122070312,594.6599731445312,6686.25,24681.75
2025-09-24 16:58:00+00:00,660.4351196289062,594.6400146484375,6686.25,24680.75
2025-09-24 16:59:00+00:00,660.5200195,594.7399902,6687,24685
2025-09-24 17:00:00+00:00,660.6699829101562,594.9401245117188,6688.5,24693.25
2025-09-24 17:01:00+00:00,660.7199707,594.9899902,6689,24696.75
2025-09-24 17:02:00+00:00,660.6400146484375,594.9799805,6688.25,24695.25
2025-09-24 17:03:00+00:00,660.6350098,594.8900146484375,6688.25,24691.75
2025-09-24 17:04:00+00:00,660.7700195,594.9598999023438,6689.5,24693.75
2025-09-24 17:05:00+00:00,660.6799926757812,594.9550170898438,6688.75,24694
2025-09-24 17:06:00+00:00,660.6350098,594.9500122070312,6688.25,24693.25
2025-09-24 17:07:00+00:00,660.8449707,595.1788940429688,6690.25,24703
2025-09-24 17:08:00+00:00,661.0200195,595.3599853515625,6692,24710.75
2025-09-24 17:09:00+00:00,661.1649780273438,595.5150146484375,6693.75,24716.75
2025-09-24 17:10:00+00:00,661.3898926,595.7800293,6696,24728
2025-09-24 17:11:00+00:00,661.4400024414062,595.7600708007812,6696.25,24727
2025-09-24 17:12:00+00:00,661.6099853515625,596,6698,24737
2025-09-24 17:13:00+00:00,661.4500122070312,595.8201293945312,6696.25,24729.5
2025-09-24 17:14:00+00:00,661.2399902,595.5686035,6694.5,24719.5
2025-09-24 17:15:00+00:00,661.2399902,595.5650024414062,6694.25,24719.5
2025-09-24 17:16:00+00:00,661.1799926757812,595.4099731445312,6693.75,24712.75
2025-09-24 17:17:00+00:00,661.2199707,595.4301147460938,6694,24714.5
2025-09-24 17:18:00+00:00,661.2199707,595.4556274414062,6694,24715
2025-09-24 17:19:00+00:00,661.1199951171875,595.4199829101562,6693,24713
2025-09-24 17:20:00+00:00,661.0800170898438,595.4199829101562,6692.75,24713.75
2025-09-24 17:21:00+00:00,661.0150146484375,595.3500977,6692,24710.75
2025-09-24 17:22:00+00:00,661.0449829101562,595.3900146484375,6692.5,24712.25
2025-09-24 17:23:00+00:00,661.0750122070312,595.5471191,6692.75,24718.25
2025-09-24 17:24:00+00:00,661.2550048828125,595.6799926757812,6694.5,24724
2025-09-24 17:25:00+00:00,661.2600098,595.7249755859375,6694.5,24725.75
2025-09-24 17:26:00+00:00,661.1279907226562,595.6500244140625,6693.25,24722.25
2025-09-24 17:27:00+00:00,661.2199707,595.7800293,6694,24728
2025-09-24 17:28:00+00:00,661.3350219726562,595.8699951171875,6695.25,24732
2025-09-24 17:29:00+00:00,661.3699951171875,595.8601074,6695.75,24732
2025-09-24 17:30:00+00:00,661.5200195,596.0949096679688,6697.25,24740.75
2025-09-24 17:31:00+00:00,661.5399780273438,596.1799926757812,6697.25,24743.5
2025-09-24 17:32:00+00:00,661.5700073242188,596.1820068359375,6697.75,24744.5
2025-09-24 17:33:00+00:00,661.5900268554688,596.1699829101562,6697.75,24744.25
2025-09-24 17:34:00+00:00,661.6599731445312,596.2199707,6698.5,24746
2025-09-24 17:35:00+00:00,661.5100098,596.0900268554688,6697,24739.25
2025-09-24 17:36:00+00:00,661.3099975585938,595.9000244140625,6695,24733
2025-09-24 17:37:00+00:00,661.2100219726562,595.8192749023438,6694,24730
2025-09-24 17:38:00+00:00,661.197998,595.7650146484375,6694,24727.5
2025-09-24 17:39:00+00:00,661.1049805,595.6950073242188,6692.75,24724.5
2025-09-24 17:40:00+00:00,661.0050048828125,595.6550903320312,6692,24722.25
2025-09-24 17:41:00+00:00,661.0800170898438,595.7849731445312,6692.5,24727.5
2025-09-24 17:42:00+00:00,661.0449829101562,595.7849731445312,6692.25,24728.25
2025-09-24 17:43:00+00:00,661,595.7600098,6691.75,24726.5
2025-09-24 17:44:00+00:00,660.9000244140625,595.7000122070312,6690.75,24724
2025-09-24 17:45:00+00:00,660.8300170898438,595.6649780273438,6690,24723.5
2025-09-24 17:46:00+00:00,660.5750122070312,595.4500122070312,6687.5,24714.25
2025-09-24 17:47:00+00:00,660.4556274414062,595.2399902,6686,24705.5
2025-09-24 17:48:00+00:00,660.4699707,595.2216186523438,6686.5,24705.25
2025-09-24 17:49:00+00:00,660.5300293,595.3018798828125,6686.75,24708.25
2025-09-24 17:50:00+00:00,660.4450073242188,595.2048950195312,6686,24704.5
2025-09-24 17:51:00+00:00,660.5599975585938,595.3201293945312,6687.25,24709.25
2025-09-24 17:52:00+00:00,660.5900268554688,595.3900146484375,6687.75,24711.5
2025-09-24 17:53:00+00:00,660.5100098,595.3300170898438,6686.75,24708.25
2025-09-24 17:54:00+00:00,660.7109985351562,595.5100098,6688.75,24717
2025-09-24 17:55:00+00:00,660.6699829101562,595.4699707,6688.5,24715.25
2025-09-24 17:56:00+00:00,660.6099853515625,595.3499755859375,6687.75,24711
2025-09-24 17:57:00+00:00,660.6599731445312,595.4500122070312,6688.25,24715.75
2025-09-24 17:58:00+00:00,660.5200195,595.3300170898438,6686.75,24708
2025-09-24 17:59:00+00:00,660.5700073242188,595.3400268554688,6687.5,24709.75
2025-09-24 18:00:00+00:00,660.5393066,595.3399047851562,6687,24710.5
2025-09-24 18:01:00+00:00,660.4600219726562,595.2600098,6686.25,24706.25
2025-09-24 18:02:00+00:00,660.4550170898438,595.2199707,6686.5,24705.5
2025-09-24 18:03:00+00:00,660.4099731445312,595.2299805,6685.75,24705.75
2025-09-24 18:04:00+00:00,660.4500122070312,595.3101196289062,6686.25,24709
2025-09-24 18:05:00+00:00,660.5499877929688,595.4400024414062,6687.5,24715.5
2025-09-24 18:06:00+00:00,660.5100098,595.3900146484375,6687,24711.75
2025-09-24 18:07:00+00:00,660.3950195,595.2600098,6685.75,24706.75
2025-09-24 18:08:00+00:00,660.3449707,595.2050170898438,6685,24704.5
2025-09-24 18:09:00+00:00,660.3499755859375,595.1649780273438,6685.25,24703
2025-09-24 18:10:00+00:00,660.0900268554688,594.8850098,6682.75,24691.25
2025-09-24 18:11:00+00:00,660.0911865234375,594.7700195,6682.75,24685.75
2025-09-24 18:12:00+00:00,660.1900024414062,594.8599853515625,6683.75,24690.25
2025-09-24 18:13:00+00:00,660.3499755859375,595.0518188476562,6685.25,24697.75
2025-09-24 18:14:00+00:00,660.4400024414062,595.1300048828125,6686.25,24701
2025-09-24 18:15:00+00:00,660.6500244140625,595.3699951171875,6688.25,24711.5
2025-09-24 18:16:00+00:00,660.5549926757812,595.2509155273438,6687.5,24706.5
2025-09-24 18:17:00+00:00,660.4201049804688,595.1699829101562,6686.25,24703
2025-09-24 18:18:00+00:00,660.5300293,595.3200073242188,6687.25,24709.75
2025-09-24 18:19:00+00:00,660.6649780273438,595.4799805,6688.75,24716.25
2025-09-24 18:20:00+00:00,660.4500122070312,595.2355957,6686.5,24705.25
2025-09-24 18:21:00+00:00,660.2700805664062,595.0499877929688,6684.5,24697.75
2025-09-24 18:22:00+00:00,660.4299926757812,595.2180176,6686.25,24704.5
2025-09-24 18:23:00+00:00,660.3250122070312,595.1199951171875,6685.25,24701
2025-09-24 18:24:00+00:00,660.3499755859375,595.1099853515625,6685.5,24700.5
2025-09-24 18:25:00+00:00,660.2199707,595,6684.25,24696.25
2025-09-24 18:26:00+00:00,660.25,595.0449829101562,6684.5,24697.75
2025-09-24 18:27:00+00:00,660.3400268554688,595.1199951171875,6685.5,24701
2025-09-24 18:28:00+00:00,660.3800048828125,595.1400146484375,6685.75,24701.5
2025-09-24 18:29:00+00:00,660.3850098,595.1099853515625,6685.75,24702.75
2025-09-24 18:30:00+00:00,660.2999877929688,595.0999755859375,6684.75,24699.75
2025-09-24 18:31:00+00:00,660.4500122070312,595.2401123046875,6686.25,24706.25
2025-09-24 18:32:00+00:00,660.4400024414062,595.2299805,6686.5,24705.75
2025-09-24 18:33:00+00:00,660.5798950195312,595.3800048828125,6687.5,24710.75
2025-09-24 18:34:00+00:00,660.4600219726562,595.2399902,6686.25,24706
2025-09-24 18:35:00+00:00,660.5700073242188,595.4199829101562,6687.5,24712
2025-09-24 18:36:00+00:00,660.5399780273438,595.3200073242188,6687.25,24709.25
2025-09-24 18:37:00+00:00,660.6900024414062,595.4600219726562,6688.75,24715.25
2025-09-24 18:38:00+00:00,660.7839965820312,595.5599975585938,6689.75,24719
2025-09-24 18:39:00+00:00,660.7600098,595.5300293,6689.5,24718.25
2025-09-24 18:40:00+00:00,660.7750244140625,595.5650024414062,6689.5,24718.75
2025-09-24 18:41:00+00:00,660.7050170898438,595.5300293,6688.75,24717.25
2025-09-24 18:42:00+00:00,660.7100219726562,595.5399169921875,6689,24718.5
2025-09-24 18:43:00+00:00,660.7449951171875,595.5300293,6689.25,24717.75
2025-09-24 18:44:00+00:00,660.75,595.5601196289062,6689.5,24718.5
2025-09-24 18:45:00+00:00,660.8950195,595.7150268554688,6690.75,24725
2025-09-24 18:46:00+00:00,660.8499755859375,595.6701049804688,6690.5,24723.5
2025-09-24 18:47:00+00:00,660.7199707,595.5599975585938,6689.25,24718.25
2025-09-24 18:48:00+00:00,660.5599975585938,595.3800048828125,6687.5,24711
2025-09-24 18:49:00+00:00,660.6049805,595.4199219,6688,24713
2025-09-24 18:50:00+00:00,660.6450805664062,595.4400024414062,6688.5,24714
2025-09-24 18:51:00+00:00,660.6500244140625,595.5200195,6688.5,24717.75
2025-09-24 18:52:00+00:00,660.7951049804688,595.6649780273438,6689.75,24723.5
2025-09-24 18:53:00+00:00,661.0999755859375,596.0250244140625,6693,24737.75
2025-09-24 18:54:00+00:00,661.0250244140625,595.9600219726562,6692.25,24735.75
2025-09-24 18:55:00+00:00,661.1199951171875,596.0800170898438,6693,24740.25
2025-09-24 18:56:00+00:00,661.0700073242188,596.0050048828125,6692.5,24737
2025-09-24 18:57:00+00:00,661.0100098,595.9412231445312,6692,24734.25
2025-09-24 18:58:00+00:00,661,596.0250244140625,6692.25,24738
2025-09-24 18:59:00+00:00,661.1049805,596.0401000976562,6693.25,24739
2025-09-24 19:00:00+00:00,660.9000244140625,595.8599243164062,6691,24731.5
2025-09-24 19:01:00+00:00,660.7899780273438,595.7800903320312,6690,24727.75
2025-09-24 19:02:00+00:00,660.7100219726562,595.6959838867188,6689.25,24724.75
2025-09-24 19:03:00+00:00,660.8200073242188,595.8679809570312,6690,24731.25
2025-09-24 19:04:00+00:00,660.7199707,595.8099975585938,6689.25,24728.75
2025-09-24 19:05:00+00:00,660.7299805,595.8599853515625,6689.5,24730.25
2025-09-24 19:06:00+00:00,660.6500244140625,595.7050170898438,6688.5,24725
2025-09-24 19:07:00+00:00,660.7498779296875,595.7700195,6689.5,24727.5
2025-09-24 19:08:00+00:00,660.6699829101562,595.6900024414062,6689,24724.5
2025-09-24 19:09:00+00:00,660.6599731445312,595.6500244140625,6688.75,24723.5
2025-09-24 19:10:00+00:00,660.7849731445312,595.8350219726562,6690,24730.5
2025-09-24 19:11:00+00:00,660.8499755859375,595.8114013671875,6690.75,24729.25
2025-09-24 19:12:00+00:00,660.8699951171875,595.8400268554688,6690.75,24730.5
2025-09-24 19:13:00+00:00,660.6699829101562,595.6300048828125,6688.5,24722.5
2025-09-24 19:14:00+00:00,660.6500244140625,595.5599975585938,6688.5,24719
2025-09-24 19:15:00+00:00,660.5700073242188,595.5,6687.75,24717
2025-09-24 19:16:00+00:00,660.7000122070312,595.6199951171875,6689,24721.5
2025-09-24 19:17:00+00:00,660.7399902,595.6798706054688,6689.5,24724.5
2025-09-24 19:18:00+00:00,660.8286743164062,595.7600098,6690.25,24727.5
2025-09-24 19:19:00+00:00,660.8250122070312,595.8200073242188,6690.25,24730
2025-09-24 19:20:00+00:00,660.7800293,595.7750244140625,6690,24728
2025-09-24 19:21:00+00:00,660.7000122070312,595.6699829101562,6689,24723.5
2025-09-24 19:22:00+00:00,660.7600098,595.7399902,6689.75,24727
2025-09-24 19:23:00+00:00,660.6950073242188,595.6566772460938,6689.25,24723.25
2025-09-24 19:24:00+00:00,660.7299805,595.6699829101562,6689.5,24723.75
2025-09-24 19:25:00+00:00,660.6599731445312,595.6743774414062,6688.75,24722.25
2025-09-24 19:26:00+00:00,660.6950073242188,595.625,6689.25,24722.25
2025-09-24 19:27:00+00:00,660.7299805,595.6099853515625,6689.5,24721.25
2025-09-24 19:28:00+00:00,660.7299805,595.5800170898438,6689.25,24720.5
2025-09-24 19:29:00+00:00,660.7949829101562,595.6599731445312,6690.25,24723
2025-09-24 19:30:00+00:00,660.8400268554688,595.7100219726562,6690.5,24725.25
2025-09-24 19:31:00+00:00,660.8449707,595.6900024414062,6690.5,24725
2025-09-24 19:32:00+00:00,660.8493041992188,595.7399291992188,6690.75,24726.25
2025-09-24 19:33:00+00:00,660.9249877929688,595.8018798828125,6691.5,24729.25
2025-09-24 19:34:00+00:00,660.9799805,595.8449707,6691.75,24731.25
2025-09-24 19:35:00+00:00,660.7199707,595.5493164,6689.25,24719
2025-09-24 19:36:00+00:00,660.6350098,595.4349975585938,6688.25,24714.5
2025-09-24 19:37:00+00:00,660.6749877929688,595.4699707,6689,24716.5
2025-09-24 19:38:00+00:00,660.6649780273438,595.4500122070312,6688.75,24714.75
2025-09-24 19:39:00+00:00,660.7949829101562,595.4949951171875,6690.25,24717
2025-09-24 19:40:00+00:00,660.7999877929688,595.5900268554688,6690.25,24720.5
2025-09-24 19:41:00+00:00,660.7550048828125,595.5,6689.75,24717
2025-09-24 19:42:00+00:00,660.6300048828125,595.3850098,6688.25,24712.25
2025-09-24 19:43:00+00:00,660.7579956054688,595.4699707,6689.75,24715.75
2025-09-24 19:44:00+00:00,660.6450195,595.3449707,6688.5,24710.5
2025-09-24 19:45:00+00:00,660.5,595.1300048828125,6687.25,24701.5
2025-09-24 19:46:00+00:00,660.6699829101562,595.2600098,6689,24707.75
2025-09-24 19:47:00+00:00,660.8499755859375,595.5200195,6691,24717.75
2025-09-24 19:48:00+00:00,660.9500122070312,595.6550293,6691.75,24722.75
2025-09-24 19:49:00+00:00,660.9500122070312,595.7000122070312,6691.75,24724
2025-09-24 19:50:00+00:00,660.9650268554688,595.7100219726562,6692,24725.25
2025-09-24 19:51:00+00:00,661.1199951171875,595.8099975585938,6693.5,24728.75
2025-09-24 19:52:00+00:00,661.0300293,595.7899780273438,6692.5,24728.75
2025-09-24 19:53:00+00:00,661.2349853515625,595.9000244140625,6694.5,24732.75
2025-09-24 19:54:00+00:00,661.1400146484375,595.9899902,6693.5,24736
2025-09-24 19:55:00+00:00,661.0549926757812,595.9000244140625,6692.25,24732
2025-09-24 19:56:00+00:00,660.9349975585938,595.8120117,6691,24728.75
2025-09-24 19:57:00+00:00,661.0250244140625,595.9600219726562,6692,24734.75
2025-09-24 19:58:00+00:00,661.2600098,596.2399902,6694.5,24746
2025-09-24 19:59:00+00:00,661.0300293,596.0599975585938,6692.25,24740
2025-09-25 13:30:00+00:00,657.3200073242188,591.3599853515625,6653.75,24542
2025-09-25 13:31:00+00:00,657.1900024414062,591.3300170898438,6652.75,24540.5
2025-09-25 13:32:00+00:00,657.5200195,591.5399780273438,6656.25,24549.5
2025-09-25 13:33:00+00:00,657.7199707,591.5700073242188,6658.25,24550.25
2025-09-25 13:34:00+00:00,657.1400146484375,590.8300170898438,6652.25,24518.75
2025-09-25 13:35:00+00:00,656.8200073242188,590.5300903320312,6649,24506.5
2025-09-25 13:36:00+00:00,656.3989868164062,590.0700073242188,6644.75,24487.75
2025-09-25 13:37:00+00:00,656.2800293,589.8800048828125,6643.5,24479.75
2025-09-25 13:38:00+00:00,656.2399902,590.0800170898438,6643.25,24489
2025-09-25 13:39:00+00:00,656.0800170898438,589.75,6641.75,24475.25
2025-09-25 13:40:00+00:00,655.6099853515625,589.1699829101562,6636.75,24450.25
2025-09-25 13:41:00+00:00,655.4149780273438,588.8701172,6635,24438.25
2025-09-25 13:42:00+00:00,655.3800048828125,588.9199829101562,6634.5,24440.5
2025-09-25 13:43:00+00:00,655.1699829101562,588.6699829101562,6632.25,24429.5
2025-09-25 13:44:00+00:00,655.2899780273438,588.6199951171875,6633.25,24427.5
2025-09-25 13:45:00+00:00,655.8093262,589.1799926757812,6638.75,24450.75
2025-09-25 13:46:00+00:00,655.8200073242188,589.4921875,6638.75,24463.75
2025-09-25 13:47:00+00:00,656.0499877929688,589.6599731445312,6641,24470.5
2025-09-25 13:48:00+00:00,656.3150024414062,590.1500244140625,6643.5,24490.5
2025-09-25 13:49:00+00:00,656.1799926757812,590.0200195,6642.25,24485.5
2025-09-25 13:50:00+00:00,656.6088256835938,590.5300293,6646.5,24506.25
2025-09-25 13:51:00+00:00,656.1400146484375,589.8800048828125,6642,24480
2025-09-25 13:52:00+00:00,655.6400146484375,589.2700195,6637,24455
2025-09-25 13:53:00+00:00,655.6699829101562,589.2800293,6637.25,24454.75
2025-09-25 13:54:00+00:00,655.6500244140625,589.3699951171875,6637,24459
2025-09-25 13:55:00+00:00,655.7550048828125,589.4199829101562,6638,24459.5
2025-09-25 13:56:00+00:00,655.8200073242188,589.5700073242188,6638.75,24466.25
2025-09-25 13:57:00+00:00,655.5844116210938,589.1699829101562,6636.25,24450.5
2025-09-25 13:58:00+00:00,655.3599853515625,588.9099731445312,6634,24441.25
2025-09-25 13:59:00+00:00,655.6300048828125,589.2299805,6636.75,24452.75
2025-09-25 14:00:00+00:00,655.7399902,589.2700195,6637.75,24453.75
2025-09-25 14:01:00+00:00,656.4199829101562,590.1099853515625,6644.75,24488.75
2025-09-25 14:02:00+00:00,656.4110107421875,590.0900268554688,6644.75,24487.75
2025-09-25 14:03:00+00:00,656.7199707,590.5100098,6647.75,24504.25
2025-09-25 14:04:00+00:00,657,590.8200073242188,6650.5,24518
2025-09-25 14:05:00+00:00,657.3007202148438,591.3499755859375,6653.75,24539.75
2025-09-25 14:06:00+00:00,657.3400268554688,591.4400024414062,6654,24543.5
2025-09-25 14:07:00+00:00,657.3406982421875,591.3699951171875,6654,24540.75
2025-09-25 14:08:00+00:00,657.5,591.6300048828125,6656,24551.75
2025-09-25 14:09:00+00:00,657.8699951171875,591.9949951171875,6659.5,24566.75
2025-09-25 14:10:00+00:00,658.1099853515625,592.3200073242188,6662,24580.75
2025-09-25 14:11:00+00:00,658.1400146484375,592.2800293,6662.25,24579.25
2025-09-25 14:12:00+00:00,657.8300170898438,591.9500122070312,6659,24564.75
2025-09-25 14:13:00+00:00,657.9500122070312,592.0599975585938,6660.5,24569.25
2025-09-25 14:14:00+00:00,657.9899902,592.1900024414062,6660.75,24576.5
2025-09-25 14:15:00+00:00,658.5300293,592.8499755859375,6666.25,24602.25
2025-09-25 14:16:00+00:00,658.5451049804688,592.9000244140625,6666.5,24603.5
2025-09-25 14:17:00+00:00,658.3499755859375,592.7600708007812,6664.25,24598.75
2025-09-25 14:18:00+00:00,658.2100219726562,592.6300048828125,6663,24592.75
2025-09-25 14:19:00+00:00,658.4249877929688,592.9199829101562,6665,24605.75
2025-09-25 14:20:00+00:00,658.4500122070312,592.875,6665.25,24604
2025-09-25 14:21:00+00:00,658.7199707,593.2800293,6668,24619.5
2025-09-25 14:22:00+00:00,658.6599731445312,593.2299805,6667.5,24618.25
2025-09-25 14:23:00+00:00,658.8400268554688,593.4199829101562,6669,24625.75
2025-09-25 14:24:00+00:00,659.0300293,593.6500244140625,6671,24635.25
2025-09-25 14:25:00+00:00,658.8350219726562,593.5095215,6669.25,24629.25
2025-09-25 14:26:00+00:00,658.6950073242188,593.3499755859375,6667.5,24623
2025-09-25 14:27:00+00:00,658.6500244140625,593.2999877929688,6667.5,24621.75
2025-09-25 14:28:00+00:00,658.3549805,593.0198974609375,6664.5,24609.75
2025-09-25 14:29:00+00:00,658.4799805,593.2399902,6665.75,24619.75
2025-09-25 14:30:00+00:00,658.4799805,593.2100830078125,6665.75,24617.75
2025-09-25 14:31:00+00:00,658.3099975585938,593.0700073242188,6664,24612
2025-09-25 14:32:00+00:00,658.5601196289062,593.4000244140625,6666.75,24627
2025-09-25 14:33:00+00:00,658.6500244140625,593.4000244140625,6667.5,24625.75
2025-09-25 14:34:00+00:00,658.7399902,593.5100098,6668.25,24630.25
2025-09-25 14:35:00+00:00,658.5551147460938,593.2700195,6666.5,24620
2025-09-25 14:36:00+00:00,658.4699707,593.0700073242188,6665.5,24612.25
2025-09-25 14:37:00+00:00,658.5549926757812,593.2100219726562,6666.5,24617.75
2025-09-25 14:38:00+00:00,658.7800293,593.4500122070312,6668.75,24627.25
2025-09-25 14:39:00+00:00,658.8800048828125,593.5499877929688,6669.75,24632.75
2025-09-25 14:40:00+00:00,658.5100098,593.1199951171875,6666,24614.5
2025-09-25 14:41:00+00:00,658.7000122070312,593.3699951171875,6668,24624.5
2025-09-25 14:42:00+00:00,658.8800048828125,593.7901000976562,6670,24642.25
2025-09-25 14:43:00+00:00,658.7899780273438,593.5949707,6668.75,24635.25
2025-09-25 14:44:00+00:00,658.7399902,593.4849853515625,6668.5,24629
2025-09-25 14:45:00+00:00,658.5300293,593.2800293,6666.25,24621.25
2025-09-25 14:46:00+00:00,658.4400024414062,593.2199707,6665.25,24619.25
2025-09-25 14:47:00+00:00,658.8099975585938,593.7399902,6669,24640.25
2025-09-25 14:48:00+00:00,658.9099731445312,593.9749755859375,6670,24649.25
2025-09-25 14:49:00+00:00,659.0800170898438,594.0944213867188,6671.75,24654.75
2025-09-25 14:50:00+00:00,658.4400024414062,593.4199829101562,6665.5,24627.5
2025-09-25 14:51:00+00:00,658.3800048828125,593.2299805,6664.75,24618.5
2025-09-25 14:52:00+00:00,658.7418823242188,593.6099853515625,6668.5,24633.5
2025-09-25 14:53:00+00:00,658.6199951171875,593.371582,6667,24624.25
2025-09-25 14:54:00+00:00,658.6599731445312,593.4400024414062,6667.25,24627.25
2025-09-25 14:55:00+00:00,659.0300293,593.8950195,6671,24645.5
2025-09-25 14:56:00+00:00,658.9699707,593.9201049804688,6670.75,24646
2025-09-25 14:57:00+00:00,659.0250244140625,593.9600219726562,6671.25,24648.75
2025-09-25 14:58:00+00:00,658.8300170898438,593.7000122070312,6669,24636.5
2025-09-25 14:59:00+00:00,658.7899780273438,593.6270751953125,6668.75,24635.25
2025-09-25 15:00:00+00:00,658.4799805,593.3099975585938,6665.75,24622
2025-09-25 15:01:00+00:00,658.4400024414062,593.3900146484375,6665.25,24624.5
2025-09-25 15:02:00+00:00,658.1350098,593.0355834960938,6662,24610.25
2025-09-25 15:03:00+00:00,658.0900268554688,593.0098876953125,6661.5,24609
2025-09-25 15:04:00+00:00,658.0599975585938,593.0809936523438,6661.25,24613.25
2025-09-25 15:05:00+00:00,658.2000122070312,593.3400268554688,6662.5,24622.5
2025-09-25 15:06:00+00:00,657.8612060546875,592.8850098,6659.5,24604.5
2025-09-25 15:07:00+00:00,657.4699707,592.4884033203125,6655.25,24587.25
2025-09-25 15:08:00+00:00,657.3900146484375,592.4600219726562,6654.75,24588
2025-09-25 15:09:00+00:00,657.5999755859375,592.7598876953125,6656.75,24598
2025-09-25 15:10:00+00:00,657.4949951171875,592.8300170898438,6655.5,24601.75
2025-09-25 15:11:00+00:00,658.1900024414062,593.7299805,6662.5,24638.75
2025-09-25 15:12:00+00:00,658.3298950195312,593.8400268554688,6664,24643.75
2025-09-25 15:13:00+00:00,658.4400024414062,593.9799805,6665,24649.5
2025-09-25 15:14:00+00:00,658.5800170898438,594.0100098,6666.5,24650.75
2025-09-25 15:15:00+00:00,658.3800048828125,593.7899780273438,6664.5,24641.75
2025-09-25 15:16:00+00:00,658.3699951171875,593.75,6664.25,24640.5
2025-09-25 15:17:00+00:00,658.5,593.9249877929688,6665.75,24646.75
2025-09-25 15:18:00+00:00,658.3013916015625,593.6699829101562,6663.5,24636.5
2025-09-25 15:19:00+00:00,658.3900146484375,593.7899780273438,6664.5,24640.75
2025-09-25 15:20:00+00:00,658.3599853515625,593.6599731445312,6664.25,24635.5
2025-09-25 15:21:00+00:00,658.0999755859375,593.4400024414062,6661.5,24627.5
2025-09-25 15:22:00+00:00,657.8699951171875,593.2299805,6659.25,24619
2025-09-25 15:23:00+00:00,657.9099731445312,593.2349853515625,6659.75,24618.25
2025-09-25 15:24:00+00:00,657.7379150390625,593.0780029296875,6658,24612.25
2025-09-25 15:25:00+00:00,657.6599731445312,592.9699707,6657.25,24608
2025-09-25 15:26:00+00:00,657.3413086,592.5800170898438,6654,24592.25
2025-09-25 15:27:00+00:00,657.3699951171875,592.6599731445312,6654.25,24595.5
2025-09-25 15:28:00+00:00,657.3499755859375,592.7299805,6654,24598.5
2025-09-25 15:29:00+00:00,657.4600219726562,592.75,6655,24598.75
2025-09-25 15:30:00+00:00,657.75,593.1199951171875,6657.75,24614.25
2025-09-25 15:31:00+00:00,657.75,593.0999755859375,6658,24615
2025-09-25 15:32:00+00:00,657.8499755859375,593.3400268554688,6659,24622.75
2025-09-25 15:33:00+00:00,657.9400024414062,593.5050048828125,6660,24629.75
2025-09-25 15:34:00+00:00,658.3400268554688,593.9699707,6664,24649.5
2025-09-25 15:35:00+00:00,658.4899902,593.9600219726562,6665.75,24648.5
2025-09-25 15:36:00+00:00,658.4799805,593.8699951171875,6665.25,24646.5
2025-09-25 15:37:00+00:00,658.6199951171875,594.1500244140625,6666.75,24657
2025-09-25 15:38:00+00:00,658.4899902,594.1500244140625,6665.75,24656.75
2025-09-25 15:39:00+00:00,658.9000244140625,594.5449829101562,6669.75,24673.5
2025-09-25 15:40:00+00:00,658.9349975585938,594.6300048828125,6670,24676.75
2025-09-25 15:41:00+00:00,658.8699951171875,594.6500244140625,6669.5,24678.5
2025-09-25 15:42:00+00:00,659.0599975585938,594.8400268554688,6671.5,24685.5
2025-09-25 15:43:00+00:00,659.3549805,595.0200195,6674.5,24692.5
2025-09-25 15:44:00+00:00,659.2199707,594.8886719,6673,24687.25
2025-09-25 15:45:00+00:00,659.2550048828125,595.0399780273438,6673.25,24694.75
2025-09-25 15:46:00+00:00,659.2100219726562,595.0150146484375,6673,24692.5
2025-09-25 15:47:00+00:00,659.2449951171875,595.0689086914062,6673.25,24694.75
2025-09-25 15:48:00+00:00,659.1799926757812,594.9409790039062,6672.5,24691.5
2025-09-25 15:49:00+00:00,659.2291870117188,595.0499877929688,6673,24694.25
2025-09-25 15:50:00+00:00,659.0900268554688,594.7800293,6671.75,24683.5
2025-09-25 15:51:00+00:00,659.0900268554688,594.8150024414062,6671.5,24684
2025-09-25 15:52:00+00:00,658.9912109,594.6801147460938,6670.75,24679.5
2025-09-25 15:53:00+00:00,658.8099975585938,594.4849853515625,6668.75,24670.25
2025-09-25 15:54:00+00:00,659.0700073242188,594.7150268554688,6671.5,24680.25
2025-09-25 15:55:00+00:00,659.1400146484375,594.7899780273438,6672,24684
2025-09-25 15:56:00+00:00,659.0100098,594.7100219726562,6670.75,24679.5
2025-09-25 15:57:00+00:00,658.8599853515625,594.5,6669.25,24670.75
2025-09-25 15:58:00+00:00,658.7600098,594.4699707,6668.25,24669.5
2025-09-25 15:59:00+00:00,658.9450073242188,594.6649780273438,6670.25,24677.75
2025-09-25 16:00:00+00:00,659.0800170898438,594.8599853515625,6671.5,24685.25
2025-09-25 16:01:00+00:00,659.0800170898438,594.8300170898438,6671.5,24683.75
2025-09-25 16:02:00+00:00,659.1500244140625,594.9000244140625,6672,24686.5
2025-09-25 16:03:00+00:00,658.8800048828125,594.5200195,6669.5,24672.25
2025-09-25 16:04:00+00:00,658.8200073242188,594.5100098,6668.75,24671.5
2025-09-25 16:05:00+00:00,658.7899780273438,594.440918,6668.25,24669.75
2025-09-25 16:06:00+00:00,659.0100098,594.7495117,6670.75,24681.25
2025-09-25 16:07:00+00:00,658.7750244140625,594.4343872070312,6668.5,24668.25
2025-09-25 16:08:00+00:00,658.8300170898438,594.4600219726562,6668.75,24669.75
2025-09-25 16:09:00+00:00,658.8400268554688,594.4149780273438,6669,24668
2025-09-25 16:10:00+00:00,658.6550293,594.2999877929688,6667.25,24662.5
2025-09-25 16:11:00+00:00,658.7650146484375,594.4699096679688,6668.25,24669.75
2025-09-25 16:12:00+00:00,658.9299926757812,594.6699829101562,6670,24677
2025-09-25 16:13:00+00:00,658.7299805,594.4099731445312,6668,24666.5
2025-09-25 16:14:00+00:00,658.6599731445312,594.3300170898438,6667.25,24664.25
2025-09-25 16:15:00+00:00,658.9500122070312,594.5700073242188,6670.25,24673.75
2025-09-25 16:16:00+00:00,658.8950195,594.5,6669.5,24671.25
2025-09-25 16:17:00+00:00,658.8099975585938,594.4799805,6668.75,24671.25
2025-09-25 16:18:00+00:00,658.6400146484375,594.3250122070312,6667,24663.5
2025-09-25 16:19:00+00:00,658.6099243164062,594.3099975585938,6666.75,24663
2025-09-25 16:20:00+00:00,658.7800293,594.5399780273438,6668.5,24671.5
2025-09-25 16:21:00+00:00,658.5599975585938,594.2000122070312,6666.25,24659
2025-09-25 16:22:00+00:00,658.1715087890625,593.8099975585938,6662.5,24642.75
2025-09-25 16:23:00+00:00,658.1199951171875,593.7700195,6661.75,24640.75
2025-09-25 16:24:00+00:00,658.2899780273438,593.9451293945312,6663.5,24649.25
2025-09-25 16:25:00+00:00,658.3449707,594.0499877929688,6664.25,24652.75
2025-09-25 16:26:00+00:00,658,593.7100830078125,6660.75,24639.25
2025-09-25 16:27:00+00:00,657.9899902,593.5900268554688,6660.25,24634
2025-09-25 16:28:00+00:00,658.0100098,593.5798950195312,6660.5,24633.5
2025-09-25 16:29:00+00:00,658.0100098,593.5700073242188,6660.75,24633
2025-09-25 16:30:00+00:00,658.5700073242188,594.1049805,6666.25,24656
2025-09-25 16:31:00+00:00,658.7100219726562,594.25,6667.75,24660.75
2025-09-25 16:32:00+00:00,658.8900146484375,594.4400024414062,6669.75,24668.75
2025-09-25 16:33:00+00:00,658.7550048828125,594.2550048828125,6668.25,24661
2025-09-25 16:34:00+00:00,658.8499755859375,594.4600219726562,6669.25,24669.75
2025-09-25 16:35:00+00:00,658.75,594.2999877929688,6668.25,24663
2025-09-25 16:36:00+00:00,658.7000122070312,594.2600098,6667.5,24660.25
2025-09-25 16:37:00+00:00,658.7299805,594.1699829101562,6667.75,24657.5
2025-09-25 16:38:00+00:00,658.5999755859375,594.0200195,6666.75,24650.75
2025-09-25 16:39:00+00:00,658.4749755859375,593.8400268554688,6665.25,24644
2025-09-25 16:40:00+00:00,657.8950195,593.1649780273438,6659.5,24617
2025-09-25 16:41:00+00:00,658.0800170898438,593.4000244140625,6661.25,24625.75
2025-09-25 16:42:00+00:00,658.4199829101562,593.7800903320312,6664.75,24641.5
2025-09-25 16:43:00+00:00,658.3099975585938,593.6599731445312,6663.75,24637
2025-09-25 16:44:00+00:00,658.0499877929688,593.4600219726562,6661,24628
2025-09-25 16:45:00+00:00,658.2199707,593.6400146484375,6662.75,24634.5
2025-09-25 16:46:00+00:00,658.2199707,593.7100219726562,6662.75,24638.5
2025-09-25 16:47:00+00:00,657.9699707,593.4600219726562,6660.5,24627.5
2025-09-25 16:48:00+00:00,657.8956298828125,593.4500122070312,6659.75,24627.75
2025-09-25 16:49:00+00:00,657.8699951171875,593.4298706054688,6659.25,24626
2025-09-25 16:50:00+00:00,657.9500122070312,593.4650268554688,6660.25,24628.25
2025-09-25 16:51:00+00:00,657.7800293,593.3200073242188,6658.5,24623.25
2025-09-25 16:52:00+00:00,657.7849731445312,593.3250122070312,6658.25,24622.25
2025-09-25 16:53:00+00:00,657.6950073242188,593.2000122070312,6657.5,24616.25
2025-09-25 16:54:00+00:00,657.7700195,593.3200073242188,6658.25,24622.25
2025-09-25 16:55:00+00:00,657.8599853515625,593.4500122070312,6659.25,24626.5
2025-09-25 16:56:00+00:00,657.9600219726562,593.4899902,6660,24630
2025-09-25 16:57:00+00:00,657.8200073242188,593.3250122070312,6658.75,24621.75
2025-09-25 16:58:00+00:00,657.8900146484375,593.4356079101562,6659.5,24626.5
2025-09-25 16:59:00+00:00,657.8400268554688,593.3843994140625,6659,24625
2025-09-25 17:00:00+00:00,657.8900146484375,593.4592895507812,6659.75,24628.25
2025-09-25 17:01:00+00:00,657.9600219726562,593.4799805,6660.25,24628.75
2025-09-25 17:02:00+00:00,657.7199707,593.2800903320312,6657.75,24621.5
2025-09-25 17:03:00+00:00,657.6099853515625,593.2000122070312,6656.5,24617.25
2025-09-25 17:04:00+00:00,657.5999755859375,593.2000122070312,6656.5,24617
2025-09-25 17:05:00+00:00,657.7899780273438,593.4199829101562,6658.25,24626.75
2025-09-25 17:06:00+00:00,657.9799805,593.5969848632812,6660.5,24633.25
2025-09-25 17:07:00+00:00,657.9589844,593.4882813,6660.25,24628.25
2025-09-25 17:08:00+00:00,658.1599731445312,593.6481934,6662,24635.75
2025-09-25 17:09:00+00:00,658.0599975585938,593.5814208984375,6661,24633.25
2025-09-25 17:10:00+00:00,658.0200195,593.5999755859375,6660.75,24633
2025-09-25 17:11:00+00:00,657.8800048828125,593.3699951171875,6659.25,24624
2025-09-25 17:12:00+00:00,658.1799926757812,593.7000122070312,6662.5,24637.5
2025-09-25 17:13:00+00:00,658.2700195,593.7999877929688,6663.25,24640.75
2025-09-25 17:14:00+00:00,658.0595703,593.4498901367188,6661.25,24627.5
2025-09-25 17:15:00+00:00,657.7700195,593.1699829101562,6658,24614.25
2025-09-25 17:16:00+00:00,657.9299926757812,593.3499755859375,6660,24623.25
2025-09-25 17:17:00+00:00,658.1480102539062,593.5200195,6662,24630.75
2025-09-25 17:18:00+00:00,657.8099975585938,593.1849975585938,6658.75,24616.5
2025-09-25 17:19:00+00:00,657.6900024414062,593.0399780273438,6657.5,24610.75
2025-09-25 17:20:00+00:00,657.3300170898438,592.6799926757812,6654,24596
2025-09-25 17:21:00+00:00,656.9299926757812,592.25,6650,24579
2025-09-25 17:22:00+00:00,656.7100219726562,592.0507202148438,6647.75,24571.25
2025-09-25 17:23:00+00:00,656.7644043,592.1199951171875,6648.25,24572.75
2025-09-25 17:24:00+00:00,656.6799926757812,592.0443725585938,6647,24569.25
2025-09-25 17:25:00+00:00,657.1199951171875,592.4500732421875,6651.5,24586.5
2025-09-25 17:26:00+00:00,657.3599853515625,592.7100219726562,6653.75,24597
2025-09-25 17:27:00+00:00,657.2899780273438,592.6849975585938,6653.5,24596
2025-09-25 17:28:00+00:00,657.3099975585938,592.7299805,6653.5,24597
2025-09-25 17:29:00+00:00,657.2949829101562,592.6799926757812,6653.25,24596
2025-09-25 17:30:00+00:00,657.2700195,592.7000122070312,6653.25,24596.25
2025-09-25 17:31:00+00:00,657.0098876953125,592.3200073242188,6650.5,24581.25
2025-09-25 17:32:00+00:00,656.8099975585938,592.1599731445312,6648.5,24574.5
2025-09-25 17:33:00+00:00,656.8099975585938,592.2092285,6648.5,24576
2025-09-25 17:34:00+00:00,656.8699951171875,592.2399902,6649.25,24577.5
2025-09-25 17:35:00+00:00,656.8599853515625,592.25,6648.75,24578
2025-09-25 17:36:00+00:00,656.5599975585938,591.8800048828125,6646,24562
2025-09-25 17:37:00+00:00,656.6450195,591.8800048828125,6646.75,24563.25
2025-09-25 17:38:00+00:00,656.8400268554688,592.1599731445312,6648.75,24574.75
2025-09-25 17:39:00+00:00,656.7100219726562,592.0200195,6647.5,24568.25
2025-09-25 17:40:00+00:00,656.6243896484375,591.9000244140625,6646.75,24563.5
2025-09-25 17:41:00+00:00,656.5750122070312,591.7600098,6646,24557.5
2025-09-25 17:42:00+00:00,656.4500122070312,591.5999755859375,6644.75,24551.25
2025-09-25 17:43:00+00:00,656.5900268554688,591.7600098,6646.5,24558.5
2025-09-25 17:44:00+00:00,656.6799926757812,591.8699951171875,6647.5,24561.75
2025-09-25 17:45:00+00:00,656.5100098,591.6699829101562,6645.5,24554.75
2025-09-25 17:46:00+00:00,656.5200195,591.6199951171875,6645.75,24554.5
2025-09-25 17:47:00+00:00,656.5200195,591.6350098,6645.5,24554
2025-09-25 17:48:00+00:00,656.4550170898438,591.5599975585938,6645,24549.5
2025-09-25 17:49:00+00:00,656.1500244140625,591.2399902,6642,24537
2025-09-25 17:50:00+00:00,656.4149780273438,591.6049805,6644.75,24552
2025-09-25 17:51:00+00:00,656.2670288085938,591.4799805,6643.25,24546
2025-09-25 17:52:00+00:00,656.2899780273438,591.5300293,6643.5,24548
2025-09-25 17:53:00+00:00,656.3599853515625,591.5650024414062,6644,24549.5
2025-09-25 17:54:00+00:00,656.3300170898438,591.6179809570312,6643.75,24550.75
2025-09-25 17:55:00+00:00,656.2800293,591.4799805,6643.25,24546
2025-09-25 17:56:00+00:00,656.0700073242188,591.2000122070312,6641,24533.5
2025-09-25 17:57:00+00:00,655.7449951171875,590.8900756835938,6638,24522
2025-09-25 17:58:00+00:00,655.6049805,590.7800293,6636.75,24516.5
2025-09-25 17:59:00+00:00,655.5900268554688,590.7800293,6636.5,24517.25
2025-09-25 18:00:00+00:00,655.2199707,590.2999877929688,6632.5,24497.25
2025-09-25 18:01:00+00:00,655.0499877929688,590.0800170898438,6630.75,24487.75
2025-09-25 18:02:00+00:00,654.9799805,589.9199829101562,6630.25,24481
2025-09-25 18:03:00+00:00,654.75,589.6099853515625,6627.75,24468.75
2025-09-25 18:04:00+00:00,654.4799805,589.3400268554688,6625,24456.5
2025-09-25 18:05:00+00:00,654.9299926757812,589.7999877929688,6629.75,24475.75
2025-09-25 18:06:00+00:00,655.3200073242188,590.2949829101562,6633.5,24496.25
2025-09-25 18:07:00+00:00,655.0599975585938,590.0098876953125,6630.75,24485
2025-09-25 18:08:00+00:00,655.1099853515625,590.1400146484375,6631.25,24490
2025-09-25 18:09:00+00:00,655.1900024414062,590.2600098,6632.25,24494.5
2025-09-25 18:10:00+00:00,655.4799805,590.5700073242188,6635,24506.75
2025-09-25 18:11:00+00:00,655.6508789,590.7700195,6636.75,24515.75
2025-09-25 18:12:00+00:00,655.875,590.9949951171875,6639,24524.75
2025-09-25 18:13:00+00:00,655.8400268554688,590.9400024414062,6638.75,24522.5
2025-09-25 18:14:00+00:00,656.0100098,591.1699219,6640.5,24532.25
2025-09-25 18:15:00+00:00,656.3200073242188,591.4600219726562,6643.5,24545.5
2025-09-25 18:16:00+00:00,656.3599853515625,591.5399780273438,6644,24547.5
2025-09-25 18:17:00+00:00,656.5700073242188,591.7700195,6646,24558
2025-09-25 18:18:00+00:00,656.6400146484375,591.8449707,6647,24561.5
2025-09-25 18:19:00+00:00,656.7199707,592.0399780273438,6647.75,24570
2025-09-25 18:20:00+00:00,656.7119141,592.0200195,6647.75,24568.5
2025-09-25 18:21:00+00:00,656.7999877929688,592.0599975585938,6648.5,24570.5
2025-09-25 18:22:00+00:00,656.6500244140625,591.9000244140625,6647,24563.25
2025-09-25 18:23:00+00:00,656.7399291992188,591.9899902,6648,24567.5
2025-09-25 18:24:00+00:00,656.8049926757812,592.1500244140625,6648.75,24574
2025-09-25 18:25:00+00:00,657.0300293,592.3599853515625,6651,24582.5
2025-09-25 18:26:00+00:00,656.9000244140625,592.2199707,6649.5,24576.5
2025-09-25 18:27:00+00:00,656.8499755859375,592.2399902,6649,24577.5
2025-09-25 18:28:00+00:00,656.8150024414062,592.1699829101562,6649,24574
2025-09-25 18:29:00+00:00,656.9899902,592.3499755859375,6650.5,24581.5
2025-09-25 18:30:00+00:00,656.9600219726562,592.3150024414062,6650.25,24580.5
2025-09-25 18:31:00+00:00,657.0700073242188,592.4699707,6651.25,24587.25
2025-09-25 18:32:00+00:00,656.9849853515625,592.3300170898438,6650.5,24581.5
2025-09-25 18:33:00+00:00,656.7800293,592.1300048828125,6648.25,24573.75
2025-09-25 18:34:00+00:00,656.9149780273438,592.3499755859375,6649.75,24582.5
2025-09-25 18:35:00+00:00,656.8900146484375,592.2916259765625,6649.5,24580.25
2025-09-25 18:36:00+00:00,656.9450073242188,592.3900146484375,6650,24584.5
2025-09-25 18:37:00+00:00,657.1550293,592.5999755859375,6652.25,24592.75
2025-09-25 18:38:00+00:00,657.2800293,592.7750244140625,6653.75,24600
2025-09-25 18:39:00+00:00,657.3599853515625,592.8599853515625,6654.25,24603.75
2025-09-25 18:40:00+00:00,657.9010009765625,593.4700927734375,6660,24628
2025-09-25 18:41:00+00:00,658.0499877929688,593.6002197265625,6661.25,24634.25
2025-09-25 18:42:00+00:00,657.9199829101562,593.4799805,6659.75,24629
2025-09-25 18:43:00+00:00,657.869873,593.4400024414062,6659.5,24627.25
2025-09-25 18:44:00+00:00,657.8099975585938,593.3599853515625,6658.75,24624.25
2025-09-25 18:45:00+00:00,657.5499877929688,593.0499877929688,6656.25,24611.75
2025-09-25 18:46:00+00:00,657.3093262,592.7470703,6653.75,24598.25
2025-09-25 18:47:00+00:00,657.3056030273438,592.7299194335938,6654,24598
2025-09-25 18:48:00+00:00,657.6199951171875,593,6656.75,24609.75
2025-09-25 18:49:00+00:00,657.6906738,593.1699829101562,6657.75,24616.5
2025-09-25 18:50:00+00:00,657.6699829101562,593.2249755859375,6657.75,24617.25
2025-09-25 18:51:00+00:00,657.6900024414062,593.1599731445312,6657.5,24616.75
2025-09-25 18:52:00+00:00,657.6199951171875,593.1099853515625,6657,24614.75
2025-09-25 18:53:00+00:00,657.6749877929688,593.2805786132812,6657.5,24621
2025-09-25 18:54:00+00:00,657.8250122070312,593.4650268554688,6659,24628.75
2025-09-25 18:55:00+00:00,658.0349731445312,593.6799926757812,6661,24637
2025-09-25 18:56:00+00:00,657.8549805,593.4000244140625,6659.5,24626
2025-09-25 18:57:00+00:00,657.6300048828125,593.1300048828125,6657,24614.5
2025-09-25 18:58:00+00:00,657.9849853515625,593.5401000976562,6660.75,24631
2025-09-25 18:59:00+00:00,657.8900146484375,593.4400024414062,6659.75,24628
2025-09-25 19:00:00+00:00,657.9699707,593.5399780273438,6660.5,24631.25
2025-09-25 19:01:00+00:00,657.7899780273438,593.3800048828125,6658.75,24625.25
2025-09-25 19:02:00+00:00,657.7100219726562,593.3300170898438,6658,24622.75
2025-09-25 19:03:00+00:00,657.8250122070312,593.5198974609375,6659,24631.5
2025-09-25 19:04:00+00:00,657.7700195,593.4600219726562,6658.5,24627.75
2025-09-25 19:05:00+00:00,657.9299926757812,593.5900268554688,6660,24634.25
2025-09-25 19:06:00+00:00,657.8400268554688,593.4600219726562,6659.25,24628.25
2025-09-25 19:07:00+00:00,657.6500244140625,593.2299805,6657.5,24619
2025-09-25 19:08:00+00:00,657.6849975585938,593.3099975585938,6657.75,24621.25
2025-09-25 19:09:00+00:00,657.6950073242188,593.3300170898438,6657.75,24622.75
2025-09-25 19:10:00+00:00,657.6749877929688,593.2999877929688,6657.75,24622
2025-09-25 19:11:00+00:00,657.9199829101562,593.5701293945312,6660.25,24632.75
2025-09-25 19:12:00+00:00,657.9000244140625,593.5300293,6659.75,24630.75
2025-09-25 19:13:00+00:00,657.7399902,593.2899780273438,6658.25,24621
2025-09-25 19:14:00+00:00,657.5700073242188,593.1600952148438,6656.5,24615.75
2025-09-25 19:15:00+00:00,657.75,593.2700195,6658.5,24620.5
2025-09-25 19:16:00+00:00,657.6099853515625,593.1199951171875,6657,24614.75
2025-09-25 19:17:00+00:00,657.5900268554688,593.0700073242188,6656.75,24612.75
2025-09-25 19:18:00+00:00,657.4199829101562,592.9401245117188,6655,24607.75
2025-09-25 19:19:00+00:00,657.3649902,592.9799805,6654.5,24608.25
2025-09-25 19:20:00+00:00,657.5599975585938,593.2399902,6656.5,24619.25
2025-09-25 19:21:00+00:00,657.2949829101562,592.9149780273438,6654,24605.5
2025-09-25 19:22:00+00:00,657.4000244140625,593.0200195,6655,24610
2025-09-25 19:23:00+00:00,657.2800293,592.8549805,6653.75,24603.5
2025-09-25 19:24:00+00:00,657.0999755859375,592.6900024414062,6652,24596.5
2025-09-25 19:25:00+00:00,657.4893188476562,593.0650024414062,6655.5,24612.5
2025-09-25 19:26:00+00:00,657.3049926757812,592.8350219726562,6654,24604
2025-09-25 19:27:00+00:00,657.3200073242188,592.8300170898438,6654.25,24603
2025-09-25 19:28:00+00:00,657.2800293,592.8300170898438,6654,24602.5
2025-09-25 19:29:00+00:00,657.4500122070312,592.9600219726562,6655.5,24608
2025-09-25 19:30:00+00:00,657.7650146484375,593.2999877929688,6658.75,24622.5
2025-09-25 19:31:00+00:00,657.8099975585938,593.2800293,6659.25,24621.5
2025-09-25 19:32:00+00:00,657.7149047851562,593.2249755859375,6658.25,24619
2025-09-25 19:33:00+00:00,657.4899902,593.0499877929688,6656.25,24612
2025-09-25 19:34:00+00:00,657.4000244140625,592.9901123046875,6655,24610
2025-09-25 19:35:00+00:00,657.4000244140625,593.0200195,6655.25,24610.75
2025-09-25 19:36:00+00:00,657.2249755859375,592.9050903320312,6653.5,24605.25
2025-09-25 19:37:00+00:00,657.1500244140625,592.7399902,6652.75,24599
2025-09-25 19:38:00+00:00,657.125,592.7600098,6652.5,24600.5
2025-09-25 19:39:00+00:00,657.1900024414062,592.7249755859375,6653.25,24598.25
2025-09-25 19:40:00+00:00,657.2199707,592.7399902,6653.5,24599
2025-09-25 19:41:00+00:00,657.1099853515625,592.6049805,6652.25,24594.25
2025-09-25 19:42:00+00:00,657.3150024414062,592.8656005859375,6654,24604.5
2025-09-25 19:43:00+00:00,657.4000244140625,592.8950195,6655.25,24605.25
2025-09-25 19:44:00+00:00,657.4650268554688,592.9949951171875,6655.75,24609.5
2025-09-25 19:45:00+00:00,657.2949219,592.8699951171875,6654,24605.25
2025-09-25 19:46:00+00:00,657.1699829101562,592.7000122070312,6652.75,24597.5
2025-09-25 19:47:00+00:00,657.2050170898438,592.6699829101562,6653,24596.5
2025-09-25 19:48:00+00:00,657.1849975585938,592.6699829101562,6652.75,24596
2025-09-25 19:49:00+00:00,657.2399902,592.7399902,6653.5,24599
2025-09-25 19:50:00+00:00,657.375,592.8699951171875,6654.75,24605.5
2025-09-25 19:51:00+00:00,657.4799805,593.0349731445312,6656,24611
2025-09-25 19:52:00+00:00,657.5250244140625,593.0100098,6656.25,24609.75
2025-09-25 19:53:00+00:00,657.7550048828125,593.2150268554688,6658.5,24618.75
2025-09-25 19:54:00+00:00,657.8150024414062,593.4000244140625,6659.25,24626.5
2025-09-25 19:55:00+00:00,657.7800293,593.2849731445312,6658.75,24622.25
2025-09-25 19:56:00+00:00,657.7550048828125,593.2999877929688,6658.75,24622.75
2025-09-25 19:57:00+00:00,657.8649902,593.4600219726562,6659.75,24629.25
2025-09-25 19:58:00+00:00,657.8850098,593.4899902,6660.25,24630.75
2025-09-25 19:59:00+00:00,657.9500122070312,593.5499877929688,6660.75,24630.75
2025-09-26 13:30:00+00:00,659.0900268554688,593.2050170898438,6669.5,24607.25
2025-09-26 13:31:00+00:00,659.4099731445312,593.7800293,6673,24634.25
2025-09-26 13:32:00+00:00,660.3800048828125,595.1951293945312,6682.5,24688.25
2025-09-26 13:33:00+00:00,660.5900268554688,595.1779785,6684.75,24690.75
2025-09-26 13:34:00+00:00,660.7600708007812,595.2550048828125,6686.25,24693.25
2025-09-26 13:35:00+00:00,660.6920776367188,595.0800170898438,6685.75,24685.75
2025-09-26 13:36:00+00:00,660.5800170898438,594.9799805,6684.5,24680.25
2025-09-26 13:37:00+00:00,660.7199707,595.1500244140625,6685.75,24687.75
2025-09-26 13:38:00+00:00,660.7999877929688,595.2800293,6687,24694.25
2025-09-26 13:39:00+00:00,660.9149780273438,595.2700805664062,6688.25,24693.5
2025-09-26 13:40:00+00:00,660.6900024414062,594.7349853515625,6685.75,24671
2025-09-26 13:41:00+00:00,660.8350219726562,594.6099853515625,6687,24665.5
2025-09-26 13:42:00+00:00,661.3200073242188,595.3499755859375,6692,24697.25
2025-09-26 13:43:00+00:00,661.1550903320312,594.9782715,6690.25,24681.75
2025-09-26 13:44:00+00:00,661.0300293,594.7199707,6689,24671.5
2025-09-26 13:45:00+00:00,660.9099731445312,594.5,6687.75,24662.25
2025-09-26 13:46:00+00:00,661.4600219726562,595.1849975585938,6693.75,24690.25
2025-09-26 13:47:00+00:00,661.5150146484375,595.3198852539062,6694.25,24695.5
2025-09-26 13:48:00+00:00,661.5999755859375,595.3850098,6695.25,24699
2025-09-26 13:49:00+00:00,661.6099853515625,595.3900146484375,6695.25,24699.5
2025-09-26 13:50:00+00:00,661.3800048828125,595.1400146484375,6692.75,24690.5
2025-09-26 13:51:00+00:00,661.2650146484375,594.9500122070312,6691.75,24681.75
2025-09-26 13:52:00+00:00,661.25,595.0399780273438,6691.75,24684.75
2025-09-26 13:53:00+00:00,661.4199829101562,595.2899780273438,6693.5,24695
2025-09-26 13:54:00+00:00,661.4011840820312,595.1699829101562,6693,24689
2025-09-26 13:55:00+00:00,661.25,594.9299926757812,6691.5,24680.25
2025-09-26 13:56:00+00:00,661.5499877929688,595.3599853515625,6694.75,24697.75
2025-09-26 13:57:00+00:00,661.5599975585938,595.4299926757812,6694.75,24700.5
2025-09-26 13:58:00+00:00,661.7199707,595.5100098,6696.25,24704
2025-09-26 13:59:00+00:00,661.7899780273438,595.5250244140625,6697,24706.25
2025-09-26 14:00:00+00:00,662.0900268554688,595.9199829101562,6699.75,24722
2025-09-26 14:01:00+00:00,662.0250244140625,596.1107177734375,6699.25,24729.5
2025-09-26 14:02:00+00:00,661.5900268554688,595.6300048828125,6694.75,24708.25
2025-09-26 14:03:00+00:00,661.0999755859375,595.0399780273438,6690,24685
2025-09-26 14:04:00+00:00,660.9998779296875,594.7825927734375,6689,24674.25
2025-09-26 14:05:00+00:00,660.8699951171875,594.6400146484375,6687.5,24668.5
2025-09-26 14:06:00+00:00,660.3300170898438,593.9299926757812,6682.25,24639
2025-09-26 14:07:00+00:00,659.8898926,593.4500122070312,6677.5,24618.75
2025-09-26 14:08:00+00:00,659.8250122070312,593.4899902,6677,24619.5
2025-09-26 14:09:00+00:00,659.9050293,593.5100098,6677.75,24621.75
2025-09-26 14:10:00+00:00,659.6749877929688,593.2474975585938,6675.25,24610.75
2025-09-26 14:11:00+00:00,659.5900268554688,593.0549926757812,6674.5,24602.5
2025-09-26 14:12:00+00:00,659.9299926757812,593.4500122070312,6678,24618.75
2025-09-26 14:13:00+00:00,659.4099731445312,592.8599853515625,6672.75,24596
2025-09-26 14:14:00+00:00,659.5700073242188,593.1599731445312,6674.25,24605.5
2025-09-26 14:15:00+00:00,659.1599731445312,592.7456055,6670,24588.5
2025-09-26 14:16:00+00:00,659.4799805,592.9899902,6673.5,24601
2025-09-26 14:17:00+00:00,659.6699829101562,593.2899780273438,6675.25,24610.25
2025-09-26 14:18:00+00:00,659.2999877929688,592.8499755859375,6671.5,24593.5
2025-09-26 14:19:00+00:00,659.5800170898438,593.1900024414062,6674,24607.75
2025-09-26 14:20:00+00:00,659.5599975585938,593.2199707,6674.25,24609.5
2025-09-26 14:21:00+00:00,659.25,592.8400268554688,6671.25,24592.75
2025-09-26 14:22:00+00:00,659,592.4799805,6668.5,24579
2025-09-26 14:23:00+00:00,659.2399902,592.7000122070312,6671,24587.75
2025-09-26 14:24:00+00:00,658.8099975585938,592.2800293,6666.5,24571
2025-09-26 14:25:00+00:00,658.3699951171875,591.75,6662,24547
2025-09-26 14:26:00+00:00,658.1300048828125,591.3400268554688,6659.75,24531
2025-09-26 14:27:00+00:00,658.1599731445312,591.3400268554688,6660,24531.5
2025-09-26 14:28:00+00:00,658.3900146484375,591.6599731445312,6662.5,24543.75
2025-09-26 14:29:00+00:00,658.7810059,592.2100219726562,6666.25,24569
2025-09-26 14:30:00+00:00,658.4299926757812,591.9500122070312,6662.75,24556.25
2025-09-26 14:31:00+00:00,658.4099731445312,591.9199829101562,6662.75,24554.75
2025-09-26 14:32:00+00:00,658.375,591.8344116210938,6662,24548.75
2025-09-26 14:33:00+00:00,658.3850098,591.7424926757812,6662.25,24547.75
2025-09-26 14:34:00+00:00,658.2700195,591.7600098,6661.25,24546.5
2025-09-26 14:35:00+00:00,658.4299926757812,591.9699707,6662.5,24556.5
2025-09-26 14:36:00+00:00,658.4899902,592.0800170898438,6663.5,24562.25
2025-09-26 14:37:00+00:00,658.7249755859375,592.3800048828125,6665.5,24573.75
2025-09-26 14:38:00+00:00,659.3400268554688,593.1318969726562,6671.75,24605.25
2025-09-26 14:39:00+00:00,659.4400024414062,593.2399902,6672.75,24609.5
2025-09-26 14:40:00+00:00,659.7299805,593.6550293,6675.75,24626.75
2025-09-26 14:41:00+00:00,659.7600098,593.75,6676.25,24631
2025-09-26 14:42:00+00:00,659.8900146484375,593.9199829101562,6677.5,24638.5
2025-09-26 14:43:00+00:00,659.7399902,593.8900146484375,6675.75,24637.25
2025-09-26 14:44:00+00:00,659.5150146484375,593.6400146484375,6673.5,24626.75
2025-09-26 14:45:00+00:00,658.9505004882812,593.0300293,6667.75,24601
2025-09-26 14:46:00+00:00,659.0499877929688,593.1199951171875,6669.25,24604.75
2025-09-26 14:47:00+00:00,658.880127,592.8099975585938,6667.5,24592.75
2025-09-26 14:48:00+00:00,658.8099975585938,592.7899780273438,6666.75,24590.75
2025-09-26 14:49:00+00:00,658.4000244140625,592.1798706054688,6662.25,24564.75
2025-09-26 14:50:00+00:00,658.1799926757812,591.8400268554688,6660.25,24551.75
2025-09-26 14:51:00+00:00,658.7600098,592.4600219726562,6666,24576.75
2025-09-26 14:52:00+00:00,658.7100219726562,592.5084838867188,6665.5,24579
2025-09-26 14:53:00+00:00,658.5599975585938,592.4500122070312,6664.25,24576.5
2025-09-26 14:54:00+00:00,658.7199707,592.6201172,6665.75,24583.75
2025-09-26 14:55:00+00:00,659.0200195,592.9500122070312,6668.5,24597.5
2025-09-26 14:56:00+00:00,658.7399902,592.6300048828125,6665.75,24584
2025-09-26 14:57:00+00:00,658.8474731445312,592.6199951171875,6667,24585.75
2025-09-26 14:58:00+00:00,658.7700195,592.5914916992188,6666.25,24581.25
2025-09-26 14:59:00+00:00,658.4500122070312,592.1799926757812,6663,24565
2025-09-26 15:00:00+00:00,658.4650268554688,592.1699829101562,6663,24564.75
2025-09-26 15:01:00+00:00,658.3699951171875,592.1400146484375,6662.25,24563.75
2025-09-26 15:02:00+00:00,658.5700073242188,592.3800048828125,6664,24573
2025-09-26 15:03:00+00:00,658.7999877929688,592.6599731445312,6666.5,24585.25
2025-09-26 15:04:00+00:00,658.7249755859375,592.5499877929688,6665.75,24580.5
2025-09-26 15:05:00+00:00,658.5255737304688,592.3200073242188,6663.75,24570
2025-09-26 15:06:00+00:00,658.7100219726562,592.4600219726562,6665.5,24576.5
2025-09-26 15:07:00+00:00,658.9099731445312,592.75,6667.75,24588.25
2025-09-26 15:08:00+00:00,658.8499755859375,592.6500244140625,6667,24584.75
2025-09-26 15:09:00+00:00,658.6900024414062,592.4749755859375,6665.25,24578.5
2025-09-26 15:10:00+00:00,658.5202026367188,592.2899780273438,6663.75,24570.25
2025-09-26 15:11:00+00:00,658.4699707,592.1599731445312,6663.25,24564.75
2025-09-26 15:12:00+00:00,658.4600219726562,592.125,6663,24563
2025-09-26 15:13:00+00:00,658.4799805,592.1799926757812,6663.25,24563.25
2025-09-26 15:14:00+00:00,658.2420043945312,591.8939208984375,6661,24553.25
2025-09-26 15:15:00+00:00,658.1599731445312,591.9249877929688,6660,24554.25
2025-09-26 15:16:00+00:00,658.7000122070312,592.4799805,6665.5,24577.75
2025-09-26 15:17:00+00:00,658.8300170898438,592.6398926,6666.75,24584.25
2025-09-26 15:18:00+00:00,658.9749755859375,592.7949829101562,6668.25,24591.75
2025-09-26 15:19:00+00:00,659.2399902,593.0900268554688,6670.75,24603.5
2025-09-26 15:20:00+00:00,659.0999755859375,592.9849853515625,6669.5,24598.75
2025-09-26 15:21:00+00:00,659,592.8200073242188,6668.5,24592.25
2025-09-26 15:22:00+00:00,659.1199951171875,592.8449707,6669.75,24593.5
2025-09-26 15:23:00+00:00,658.8499755859375,592.5300293,6667,24578.25
2025-09-26 15:24:00+00:00,658.9949951171875,592.6599731445312,6668.25,24585.25
2025-09-26 15:25:00+00:00,659.4450073242188,593.2788086,6673.25,24610.75
2025-09-26 15:26:00+00:00,659.5825195,593.4400024414062,6674.25,24617.75
2025-09-26 15:27:00+00:00,659.6500244140625,593.5999755859375,6675.25,24625.5
2025-09-26 15:28:00+00:00,659.6900024414062,593.5900268554688,6675.25,24624.5
2025-09-26 15:29:00+00:00,659.9299926757812,593.7700195,6677.75,24631.75
2025-09-26 15:30:00+00:00,659.9600219726562,593.7700195,6678.5,24631.75
2025-09-26 15:31:00+00:00,659.7800293,593.4799805,6676.75,24620.75
2025-09-26 15:32:00+00:00,659.9299926757812,593.6099853515625,6678,24625.75
2025-09-26 15:33:00+00:00,659.6450195,593.3118896484375,6675.25,24613.75
2025-09-26 15:34:00+00:00,659.7999877929688,593.5200195,6676.75,24620.75
2025-09-26 15:35:00+00:00,659.625,593.3599853515625,6675,24612.75
2025-09-26 15:36:00+00:00,659.8049926757812,593.5100098,6676.5,24620.75
2025-09-26 15:37:00+00:00,659.3599853515625,593.0900268554688,6672.25,24603.25
2025-09-26 15:38:00+00:00,659.125,592.8499755859375,6670,24593.25
2025-09-26 15:39:00+00:00,659.2150268554688,592.9099731445312,6670.75,24595.25
2025-09-26 15:40:00+00:00,659.2700195,592.9799805,6671.25,24599
2025-09-26 15:41:00+00:00,659.3779907226562,593.1199951171875,6672.5,24604.75
2025-09-26 15:42:00+00:00,659.2100219726562,592.9199829101562,6670.75,24596.25
2025-09-26 15:43:00+00:00,659.5399780273438,593.2800293,6674,24610.25
2025-09-26 15:44:00+00:00,659.4600219726562,593.1599731445312,6673.25,24606.5
2025-09-26 15:45:00+00:00,659.3599853515625,593.0700073242188,6672,24602.25
2025-09-26 15:46:00+00:00,659.3900146484375,593.0300293,6672.5,24603.5
2025-09-26 15:47:00+00:00,659.3599853515625,593.0798950195312,6672,24603.25
2025-09-26 15:48:00+00:00,659.5599975585938,593.2999877929688,6674.25,24612.25
2025-09-26 15:49:00+00:00,659.6500244140625,593.3850098,6675.25,24615.25
2025-09-26 15:50:00+00:00,659.1300048828125,592.8099975585938,6669.75,24592.5
2025-09-26 15:51:00+00:00,659.3950195,593.1300048828125,6672.5,24605
2025-09-26 15:52:00+00:00,659.2399902,593.0599975585938,6671,24600
2025-09-26 15:53:00+00:00,659.0999755859375,592.8099975585938,6669.25,24591
2025-09-26 15:54:00+00:00,659.1799926757812,593.0300293,6670.5,24599
2025-09-26 15:55:00+00:00,659.1699829101562,593.0399780273438,6670.25,24600.5
2025-09-26 15:56:00+00:00,659.1900024414062,593.0250244140625,6670.5,24601
2025-09-26 15:57:00+00:00,659.2144165039062,593.0800170898438,6670.5,24602
2025-09-26 15:58:00+00:00,658.7899780273438,592.6019897460938,6666.25,24582
2025-09-26 15:59:00+00:00,658.6699829101562,592.5650024414062,6665.25,24581
2025-09-26 16:00:00+00:00,658.5949707,592.3800048828125,6664.5,24572.5
2025-09-26 16:01:00+00:00,658.6550293,592.6099853515625,6665,24581.25
2025-09-26 16:02:00+00:00,658.6799926757812,592.5700073242188,6665.5,24581.25
2025-09-26 16:03:00+00:00,658.6199951171875,592.4616088867188,6664.5,24577
2025-09-26 16:04:00+00:00,658.7899780273438,592.6799926757812,6666.25,24585.75
2025-09-26 16:05:00+00:00,658.75,592.6350098,6666.25,24582.5
2025-09-26 16:06:00+00:00,659.0399780273438,592.9650268554688,6669,24597.25
2025-09-26 16:07:00+00:00,658.8699951171875,592.7600098,6667.25,24589.25
2025-09-26 16:08:00+00:00,658.8099975585938,592.6400146484375,6666.5,24584.25
2025-09-26 16:09:00+00:00,658.8350219726562,592.6699829101562,6667,24585.75
2025-09-26 16:10:00+00:00,658.7849731445312,592.6199951171875,6666.5,24582.5
2025-09-26 16:11:00+00:00,658.7498779296875,592.5418701171875,6666.25,24579.75
2025-09-26 16:12:00+00:00,658.8499755859375,592.6900024414062,6667,24586.25
2025-09-26 16:13:00+00:00,659.0100098,592.9061889648438,6668.75,24596
2025-09-26 16:14:00+00:00,659.1099243164062,593.0100098,6669.75,24599.5
2025-09-26 16:15:00+00:00,659.1799926757812,593.0700073242188,6670.5,24602
2025-09-26 16:16:00+00:00,659.2069702148438,593.1400146484375,6670.75,24605.25
2025-09-26 16:17:00+00:00,659.2293701171875,593.2296752929688,6671,24608.25
2025-09-26 16:18:00+00:00,659.2700195,593.2700195,6671.25,24609.75
2025-09-26 16:19:00+00:00,659.4899902,593.5700073242188,6673.75,24623
2025-09-26 16:20:00+00:00,659.8599853515625,593.9400024414062,6677.25,24637
2025-09-26 16:21:00+00:00,660.1400146484375,594.3049926757812,6680.25,24654
2025-09-26 16:22:00+00:00,660.2700195,594.3881225585938,6681.5,24656.75
2025-09-26 16:23:00+00:00,660.1400146484375,594.2050170898438,6680.25,24648.75
2025-09-26 16:24:00+00:00,660.5300293,594.6749877929688,6684.25,24669.75
2025-09-26 16:25:00+00:00,660.6300048828125,594.7550048828125,6685.25,24671.75
2025-09-26 16:26:00+00:00,660.6599731445312,594.7313232421875,6685.5,24671.5
2025-09-26 16:27:00+00:00,660.4000244140625,594.4299926757812,6682.75,24659.75
2025-09-26 16:28:00+00:00,660.1699829101562,594.1950073242188,6680.5,24649.5
2025-09-26 16:29:00+00:00,660.4534301757812,594.4899902,6683.25,24661.25
2025-09-26 16:30:00+00:00,660.5399780273438,594.5100098,6684.5,24662.75
2025-09-26 16:31:00+00:00,660.4790039,594.5050048828125,6684,24661.75
2025-09-26 16:32:00+00:00,660.3800048828125,594.3649902,6682.75,24655.75
2025-09-26 16:33:00+00:00,660.0900268554688,594.0800170898438,6680,24643.25
2025-09-26 16:34:00+00:00,660.3699951171875,594.3198852539062,6682.75,24654.5
2025-09-26 16:35:00+00:00,660.3699951171875,594.3599853515625,6682.5,24656.75
2025-09-26 16:36:00+00:00,660.4299926757812,594.3579102,6683.25,24656
2025-09-26 16:37:00+00:00,660.6550293,594.6292724609375,6685.75,24667.5
2025-09-26 16:38:00+00:00,660.5399780273438,594.4099731445312,6684.5,24659
2025-09-26 16:39:00+00:00,660.5100098,594.4055786132812,6684.25,24657.75
2025-09-26 16:40:00+00:00,660.4699707,594.3607177734375,6683.5,24657.5
2025-09-26 16:41:00+00:00,660.6450195,594.6450195,6685.5,24668
2025-09-26 16:42:00+00:00,660.5949707,594.5599975585938,6685,24664.25
2025-09-26 16:43:00+00:00,660.7100219726562,594.6799926757812,6686.25,24669.5
2025-09-26 16:44:00+00:00,660.8400268554688,594.7899169921875,6687.25,24674
2025-09-26 16:45:00+00:00,660.7000122070312,594.6400146484375,6686,24667.5
2025-09-26 16:46:00+00:00,660.8499755859375,594.8613281,6687.5,24677
2025-09-26 16:47:00+00:00,660.7399902,594.7456055,6686.25,24671
2025-09-26 16:48:00+00:00,660.8150024414062,594.7150268554688,6687,24671.25
2025-09-26 16:49:00+00:00,660.8300170898438,594.7199707,6687.25,24670.75
2025-09-26 16:50:00+00:00,660.8699951171875,594.7999877929688,6687.75,24674.5
2025-09-26 16:51:00+00:00,660.869873,594.8156127929688,6687.75,24675.5
2025-09-26 16:52:00+00:00,660.9799805,594.9600219726562,6689,24682
2025-09-26 16:53:00+00:00,660.8499755859375,594.8200073242188,6687.5,24675.5
2025-09-26 16:54:00+00:00,660.9699707,594.9400024414062,6688.75,24680.5
2025-09-26 16:55:00+00:00,660.9699707,594.9099121,6688.5,24677.75
2025-09-26 16:56:00+00:00,660.8800048828125,594.8150024414062,6687.75,24675.75
2025-09-26 16:57:00+00:00,661.2498779296875,595.1649780273438,6691.75,24689.25
2025-09-26 16:58:00+00:00,661.4099731445312,595.3206787109375,6693.25,24696.75
2025-09-26 16:59:00+00:00,661.3300170898438,595.1749877929688,6692.5,24691
2025-09-26 17:00:00+00:00,661.2000122070312,595.0999755859375,6691.25,24686.75
2025-09-26 17:01:00+00:00,661.3109741210938,595.1950073242188,6692.25,24691.75
2025-09-26 17:02:00+00:00,661.4144287109375,595.3198852539062,6693,24695.25
2025-09-26 17:03:00+00:00,661.25,595.1500244140625,6691.5,24689
2025-09-26 17:04:00+00:00,661.1599731445312,595.1005859,6690.75,24687
2025-09-26 17:05:00+00:00,661.2899780273438,595.1799926757812,6691.75,24689.5
2025-09-26 17:06:00+00:00,661.3549805,595.2700195,6692.5,24693.5
2025-09-26 17:07:00+00:00,661.2100219726562,595.1151123046875,6691,24687.5
2025-09-26 17:08:00+00:00,661.3200073242188,595.2600098,6692.25,24693.5
2025-09-26 17:09:00+00:00,661.4000244140625,595.3701172,6693,24698.25
2025-09-26 17:10:00+00:00,661.4299926757812,595.4000854492188,6693.25,24699.75
2025-09-26 17:11:00+00:00,661.5,595.5300293,6694,24705
2025-09-26 17:12:00+00:00,661.5750122070312,595.6400146484375,6695,24709
2025-09-26 17:13:00+00:00,661.5949707,595.6400146484375,6695,24709.25
2025-09-26 17:14:00+00:00,661.5900268554688,595.6000977,6694.75,24707.25
2025-09-26 17:15:00+00:00,661.5300293,595.4600219726562,6694.25,24701
2025-09-26 17:16:00+00:00,661.6199951171875,595.5,6695,24703.75
2025-09-26 17:17:00+00:00,661.5700073242188,595.5050048828125,6694.75,24703.75
2025-09-26 17:18:00+00:00,661.4500122070312,595.3699951171875,6693.5,24698.5
2025-09-26 17:19:00+00:00,661.4099731445312,595.3900146484375,6693.25,24698.75
2025-09-26 17:20:00+00:00,661.2800293,595.3049926757812,6692,24695.75
2025-09-26 17:21:00+00:00,661.2600098,595.2399902,6691.75,24693
2025-09-26 17:22:00+00:00,661.3900146484375,595.2703857421875,6693,24694.75
2025-09-26 17:23:00+00:00,661.4799805,595.3499755859375,6694,24697.5
2025-09-26 17:24:00+00:00,661.5999755859375,595.4801025390625,6695.25,24703.5
2025-09-26 17:25:00+00:00,661.5100098,595.4049072265625,6694.25,24700.75
2025-09-26 17:26:00+00:00,661.7100219726562,595.7019043,6696.25,24712.25
2025-09-26 17:27:00+00:00,661.640625,595.6950073242188,6695.5,24711.25
2025-09-26 17:28:00+00:00,661.5949707,595.5999755859375,6695,24708
2025-09-26 17:29:00+00:00,661.625,595.6300048828125,6695.5,24709.25
2025-09-26 17:30:00+00:00,661.6400146484375,595.5999755859375,6695.25,24708.25
2025-09-26 17:31:00+00:00,661.5300293,595.5300293,6694.5,24704.5
2025-09-26 17:32:00+00:00,661.5700073242188,595.5800170898438,6694.75,24706.5
2025-09-26 17:33:00+00:00,661.6300048828125,595.6286010742188,6695.5,24708.5
2025-09-26 17:34:00+00:00,661.5399780273438,595.5599975585938,6694.5,24706.5
2025-09-26 17:35:00+00:00,661.5768432617188,595.5999755859375,6695,24707.5
2025-09-26 17:36:00+00:00,661.6849975585938,595.7199707,6696,24711.75
2025-09-26 17:37:00+00:00,661.6199951171875,595.5855102539062,6695.25,24707.75
2025-09-26 17:38:00+00:00,661.4249877929688,595.3900146484375,6693.25,24699.75
2025-09-26 17:39:00+00:00,661.4500122070312,595.4500122070312,6693.5,24701
2025-09-26 17:40:00+00:00,661.5100098,595.4099731445312,6694.25,24700.75
2025-09-26 17:41:00+00:00,661.4849853515625,595.2949829101562,6693.75,24695.5
2025-09-26 17:42:00+00:00,661.4699707,595.2598876953125,6693.75,24695.25
2025-09-26 17:43:00+00:00,661.6450195,595.4450073242188,6695.5,24702
2025-09-26 17:44:00+00:00,661.5250244140625,595.3699951171875,6694.25,24698.75
2025-09-26 17:45:00+00:00,661.4199829101562,595.2550048828125,6693,24693.5
2025-09-26 17:46:00+00:00,661.3099975585938,595.1699829101562,6692,24690.5
2025-09-26 17:47:00+00:00,661.2999877929688,595.1500244140625,6691.75,24689.5
2025-09-26 17:48:00+00:00,661.3699951171875,595.2600098,6692.5,24694
2025-09-26 17:49:00+00:00,661.2899780273438,595.1900024414062,6691.5,24690.5
2025-09-26 17:50:00+00:00,661.1799926757812,595.1099853515625,6690.75,24687.5
2025-09-26 17:51:00+00:00,661.2000122070312,595.0549926757812,6691,24685.25
2025-09-26 17:52:00+00:00,661.2399902,595.0700073242188,6691.25,24686.25
2025-09-26 17:53:00+00:00,661.0800170898438,594.9500122070312,6689.5,24680.75
2025-09-26 17:54:00+00:00,660.9799805,594.8280029296875,6688.5,24676
2025-09-26 17:55:00+00:00,660.8200073242188,594.6300048828125,6687,24667.75
2025-09-26 17:56:00+00:00,660.8895263671875,594.6550293,6687.75,24669
2025-09-26 17:57:00+00:00,661.1699219,595.0150146484375,6690.25,24684.25
2025-09-26 17:58:00+00:00,661.1699829101562,595.0999755859375,6690.75,24687.5
2025-09-26 17:59:00+00:00,661.3499755859375,595.2050170898438,6692.5,24692
2025-09-26 18:00:00+00:00,661.4799805,595.4199829101562,6693.5,24700.75
2025-09-26 18:01:00+00:00,661.5399780273438,595.5800170898438,6694.25,24706.75
2025-09-26 18:02:00+00:00,661.5300293,595.5700073242188,6694,24707
2025-09-26 18:03:00+00:00,661.5700073242188,595.6049805,6694.5,24709.25
2025-09-26 18:04:00+00:00,661.4199829101562,595.5200195,6693,24704.5
2025-09-26 18:05:00+00:00,661.0200195,595.0399780273438,6689,24684.25
2025-09-26 18:06:00+00:00,661.0250244140625,595.0250854492188,6689,24684.75
2025-09-26 18:07:00+00:00,661.0850219726562,595.0700073242188,6689.75,24686.25
2025-09-26 18:08:00+00:00,661.0200195,595.0200195,6689.25,24683.75
2025-09-26 18:09:00+00:00,660.8900146484375,594.8701172,6687.75,24678.25
2025-09-26 18:10:00+00:00,660.875,594.8150024414062,6687.75,24674.5
2025-09-26 18:11:00+00:00,660.9199829101562,594.7600098,6688,24673.75
2025-09-26 18:12:00+00:00,661.2092895507812,595.1199951171875,6691,24688.25
2025-09-26 18:13:00+00:00,661.1450195,595.0850219726562,6690.25,24687.25
2025-09-26 18:14:00+00:00,661.3300170898438,595.2150268554688,6692,24692
2025-09-26 18:15:00+00:00,661.5800170898438,595.4849853515625,6694.75,24703.5
2025-09-26 18:16:00+00:00,661.6049805,595.5549926757812,6695,24705.75
2025-09-26 18:17:00+00:00,661.6099853515625,595.5650024414062,6695.25,24706.75
2025-09-26 18:18:00+00:00,661.6199951171875,595.6099853515625,6695.25,24708.25
2025-09-26 18:19:00+00:00,661.4489746,595.3950195,6693.5,24699.5
2025-09-26 18:20:00+00:00,661.3300170898438,595.2899780273438,6692.25,24694.5
2025-09-26 18:21:00+00:00,661.5399780273438,595.5200195,6694.25,24703.75
2025-09-26 18:22:00+00:00,661.5599975585938,595.5499877929688,6694.75,24706
2025-09-26 18:23:00+00:00,661.6350098,595.6870727539062,6695.5,24711
2025-09-26 18:24:00+00:00,661.7800293,595.8499755859375,6697,24718.25
2025-09-26 18:25:00+00:00,661.9299926757812,595.9924926757812,6698,24724.25
2025-09-26 18:26:00+00:00,661.8499755859375,595.9299926757812,6697.25,24721.5
2025-09-26 18:27:00+00:00,661.7050170898438,595.7600098,6696.25,24715
2025-09-26 18:28:00+00:00,661.6339111328125,595.6400146484375,6695.5,24709.75
2025-09-26 18:29:00+00:00,661.7249755859375,595.7600098,6696.5,24715.5
2025-09-26 18:30:00+00:00,661.8300170898438,595.7999877929688,6697.5,24716.25
2025-09-26 18:31:00+00:00,661.7800293,595.7800293,6697,24715.75
2025-09-26 18:32:00+00:00,661.7700195,595.7349853515625,6697,24714
2025-09-26 18:33:00+00:00,661.7899780273438,595.7600098,6697,24715
2025-09-26 18:34:00+00:00,661.7700195,595.8200073242188,6697,24716.75
2025-09-26 18:35:00+00:00,661.9149780273438,595.9799805,6698.25,24723.5
2025-09-26 18:36:00+00:00,661.9299926757812,596,6698.25,24724.75
2025-09-26 18:37:00+00:00,661.8950195,595.9799805,6698,24723
2025-09-26 18:38:00+00:00,662.0250244140625,596.0631713867188,6699.5,24727
2025-09-26 18:39:00+00:00,662.0086059570312,596.0300293,6699.25,24725.5
2025-09-26 18:40:00+00:00,661.9699707,596.0800170898438,6698.75,24727.5
2025-09-26 18:41:00+00:00,662.0499877929688,596.1602172851562,6699.5,24731.5
2025-09-26 18:42:00+00:00,661.9500122070312,596.1004028320312,6698.25,24728
2025-09-26 18:43:00+00:00,661.9650268554688,596.0798950195312,6698.75,24728.25
2025-09-26 18:44:00+00:00,661.8820190429688,595.9899902,6697.75,24724
2025-09-26 18:45:00+00:00,661.7006225585938,595.8099975585938,6696.25,24715.5
2025-09-26 18:46:00+00:00,661.6099243164062,595.6199951171875,6695,24708.75
2025-09-26 18:47:00+00:00,661.8300170898438,595.8950195,6697.25,24720.25
2025-09-26 18:48:00+00:00,661.9249877929688,596,6698.25,24723
2025-09-26 18:49:00+00:00,661.8699951171875,595.9251098632812,6697.5,24721
2025-09-26 18:50:00+00:00,661.8449707,595.8400268554688,6697.25,24718.75
2025-09-26 18:51:00+00:00,661.8200073242188,595.8649902,6697.25,24718.25
2025-09-26 18:52:00+00:00,661.8200073242188,595.8950195,6697.25,24720
2025-09-26 18:53:00+00:00,661.6799926757812,595.7299805,6695.75,24713
2025-09-26 18:54:00+00:00,661.7199707,595.7299805,6696.25,24713.25
2025-09-26 18:55:00+00:00,661.8200073242188,595.8098754882812,6697,24717.25
2025-09-26 18:56:00+00:00,661.9010009765625,595.9450073242188,6698,24721.5
2025-09-26 18:57:00+00:00,661.9349975585938,596.0100098,6698.25,24723.75
2025-09-26 18:58:00+00:00,661.9500122070312,596.0800170898438,6698.5,24727.25
2025-09-26 18:59:00+00:00,661.9199829101562,596.0349731445312,6698.25,24725.75
2025-09-26 19:00:00+00:00,661.9000244140625,596.0349731445312,6697.75,24724.75
2025-09-26 19:01:00+00:00,661.8699951171875,595.9799805,6697.75,24724
2025-09-26 19:02:00+00:00,661.9199829101562,596.0949707,6698.25,24727.25
2025-09-26 19:03:00+00:00,661.9349975585938,596.0800170898438,6698.25,24727.25
2025-09-26 19:04:00+00:00,661.8449707,595.9600219726562,6697.5,24722.5
2025-09-26 19:05:00+00:00,661.8800048828125,596.0800170898438,6697.75,24727.5
2025-09-26 19:06:00+00:00,661.7249755859375,595.8599853515625,6696,24718.5
2025-09-26 19:07:00+00:00,661.6500244140625,595.8220215,6695.25,24717.25
2025-09-26 19:08:00+00:00,661.6300048828125,595.8300170898438,6695,24716.25
2025-09-26 19:09:00+00:00,661.5344238,595.7349853515625,6694,24713.25
2025-09-26 19:10:00+00:00,661.5499877929688,595.8300170898438,6694.5,24717.5
2025-09-26 19:11:00+00:00,661.6500244140625,595.8850098,6695.25,24719.75
2025-09-26 19:12:00+00:00,661.6149902,595.824707,6695,24717.75
2025-09-26 19:13:00+00:00,661.5999755859375,595.8099975585938,6694.75,24716.5
2025-09-26 19:14:00+00:00,661.4899902,595.7498779296875,6693.5,24714
2025-09-26 19:15:00+00:00,661.3900146484375,595.6799926757812,6692.75,24711.25
2025-09-26 19:16:00+00:00,661.5443725585938,595.8200073242188,6694.25,24717.25
2025-09-26 19:17:00+00:00,661.7100219726562,595.9744262695312,6696,24723.5
2025-09-26 19:18:00+00:00,661.6544189453125,595.9199829101562,6695.25,24722.25
2025-09-26 19:19:00+00:00,661.6799926757812,595.9606934,6695.5,24723
2025-09-26 19:20:00+00:00,661.6699829101562,595.9099731445312,6695.75,24721.25
2025-09-26 19:21:00+00:00,661.6649780273438,595.9199829101562,6695.5,24721.25
2025-09-26 19:22:00+00:00,661.6890258789062,595.9500122070312,6695.5,24722.75
2025-09-26 19:23:00+00:00,661.8499755859375,596.1550293,6697.25,24730.75
2025-09-26 19:24:00+00:00,661.7399902,596.0650024414062,6696.25,24726.75
2025-09-26 19:25:00+00:00,661.7899780273438,596.1630859,6696.75,24731
2025-09-26 19:26:00+00:00,661.7600098,596.2050170898438,6696.5,24732.25
2025-09-26 19:27:00+00:00,661.7550048828125,596.2100219726562,6696.5,24733.75
2025-09-26 19:28:00+00:00,661.6900024414062,596.1099853515625,6695.75,24728.5
2025-09-26 19:29:00+00:00,661.5999755859375,596.0300293,6694.75,24725.5
2025-09-26 19:30:00+00:00,661.4500122070312,595.8756103515625,6693.25,24719.25
2025-09-26 19:31:00+00:00,661.4144287109375,595.8200073242188,6693,24717.25
2025-09-26 19:32:00+00:00,661.5009155273438,595.9149780273438,6693.75,24720.75
2025-09-26 19:33:00+00:00,661.4600219726562,595.8701172,6693.5,24720
2025-09-26 19:34:00+00:00,661.4600219726562,595.8298950195312,6693.25,24716.75
2025-09-26 19:35:00+00:00,661.4476928710938,595.7600098,6693,24714
2025-09-26 19:36:00+00:00,661.4450073242188,595.7650146484375,6693.25,24714.75
2025-09-26 19:37:00+00:00,661.4801025390625,595.7999877929688,6693.75,24716.5
2025-09-26 19:38:00+00:00,661.6500244140625,595.9799805,6695.25,24724
2025-09-26 19:39:00+00:00,661.6290893554688,595.9099731445312,6695.25,24720.75
2025-09-26 19:40:00+00:00,661.5750122070312,595.8900146484375,6694.5,24720.5
2025-09-26 19:41:00+00:00,661.625,595.9400024414062,6695,24722
2025-09-26 19:42:00+00:00,661.6300048828125,595.9699707,6695,24723.5
2025-09-26 19:43:00+00:00,661.5499877929688,595.8599853515625,6694.25,24719.75
2025-09-26 19:44:00+00:00,661.4400024414062,595.7899780273438,6693.25,24716
2025-09-26 19:45:00+00:00,661.4400024414062,595.7598876953125,6693.25,24714.75
2025-09-26 19:46:00+00:00,661.4299926757812,595.7600098,6693.25,24715
2025-09-26 19:47:00+00:00,661.3699951171875,595.7050170898438,6692.5,24712.75
2025-09-26 19:48:00+00:00,661.5399169921875,595.8350219726562,6694,24718.25
2025-09-26 19:49:00+00:00,661.7399902,596.0200195,6696,24726.25
2025-09-26 19:50:00+00:00,661.4899902,595.5900268554688,6693.5,24708.5
2025-09-26 19:51:00+00:00,661.2550048828125,595.4849853515625,6691.25,24704.5
2025-09-26 19:52:00+00:00,661.1961059570312,595.4799805,6690.75,24703.75
2025-09-26 19:53:00+00:00,661.4000244140625,595.7000122070312,6692.75,24712.25
2025-09-26 19:54:00+00:00,661.8049926757812,596.0449829101562,6697,24727
2025-09-26 19:55:00+00:00,661.5900268554688,595.8892211914062,6695,24720.25
2025-09-26 19:56:00+00:00,661.4450073242188,595.7800293,6693.25,24716
2025-09-26 19:57:00+00:00,661.8400268554688,596.1199951171875,6697.5,24729.5
2025-09-26 19:58:00+00:00,661.8850098,596.1500244140625,6698,24730.75
2025-09-26 19:59:00+00:00,661.7299805,596.0499877929688,6696.25,24726